{"type":"FeatureCollection","licence":"Data © OpenStreetMap contributors, ODbL 1.0. http://osm.org/copyright","features":[{"type":"Feature","properties":{"place_id":137195134,"osm_type":"relation","osm_id":62519,"place_rank":12,"category":"boundary","type":"administrative","importance":0.5220306637130914,"addresstype":"county","name":"Wetteraukreis","display_name":"Wetteraukreis, Hesse, Germany"},"bbox":[8.5141314,50.1621976,9.2903794,50.4998794],"geometry":{"type":"Polygon","coordinates":[[[8.5141314,50.399076],[8.5141764,50.3989996],[8.5142052,50.3989504],[8.5143777,50.3986579],[8.51449,50.398467],[8.5146045,50.3982728],[8.5146764,50.3981506],[8.5147604,50.3980076],[8.5157547,50.3982151],[8.5172678,50.3981127],[8.5185992,50.3977153],[8.5190724,50.3973128],[8.5199303,50.3967492],[8.5212124,50.3962883],[8.5223027,50.3958966],[8.5229974,50.3956129],[8.5231964,50.3955318],[8.5236283,50.3953557],[8.5236706,50.3953424],[8.5237883,50.3953054],[8.5238512,50.3952856],[8.5240349,50.3952279],[8.52551,50.394764],[8.5265707,50.3944686],[8.5276021,50.3943861],[8.5283439,50.3941348],[8.5284917,50.3940848],[8.5291251,50.3933514],[8.5296151,50.3929286],[8.5307205,50.3923968],[8.5318257,50.3921546],[8.5327716,50.3920655],[8.5342552,50.3920735],[8.5355243,50.3920749],[8.5355448,50.3920476],[8.5356164,50.3919524],[8.5358608,50.3916273],[8.5359302,50.3910054],[8.5359257,50.3908187],[8.5359231,50.390713],[8.5359217,50.3906532],[8.535921,50.3906214],[8.5359111,50.3902075],[8.5360606,50.3897201],[8.5363195,50.3888941],[8.5366639,50.3883435],[8.537022,50.3877685],[8.5370541,50.387494],[8.5370999,50.3872024],[8.5369807,50.3866905],[8.5366323,50.3858961],[8.536578,50.3849631],[8.5368261,50.3839469],[8.5366685,50.3832314],[8.5367652,50.382655],[8.537265,50.3821144],[8.5374513,50.3814605],[8.5382514,50.3811873],[8.5383985,50.381137],[8.540368,50.3810336],[8.54156,50.380696],[8.5424427,50.3805422],[8.5434372,50.3803703],[8.5435061,50.380452],[8.5437394,50.3804152],[8.5441455,50.3803512],[8.5441761,50.3803464],[8.5443668,50.3803163],[8.5443383,50.3802476],[8.5442324,50.3799928],[8.5445237,50.3795524],[8.5448989,50.3794354],[8.5454222,50.3789658],[8.5455579,50.3788456],[8.5455601,50.3781801],[8.5452057,50.3775544],[8.5455618,50.3767929],[8.5455689,50.376526],[8.5455751,50.3762794],[8.5452025,50.3755167],[8.5448805,50.3748575],[8.5444878,50.3745019],[8.5443004,50.3743301],[8.5442622,50.3742106],[8.5441103,50.3737342],[8.5435805,50.3732744],[8.5434989,50.3732035],[8.5430889,50.3728476],[8.5420795,50.3724059],[8.5416985,50.3720686],[8.541736,50.3720127],[8.541991,50.3716345],[8.5427119,50.3708734],[8.5437408,50.3703837],[8.5442579,50.3698423],[8.5453356,50.3694136],[8.5470514,50.370086],[8.5476091,50.3703042],[8.5487676,50.3707575],[8.5502468,50.3714182],[8.5519066,50.3718667],[8.5535953,50.3723236],[8.5539098,50.3724084],[8.5546398,50.3726052],[8.5552884,50.3727799],[8.5569721,50.3732359],[8.5586646,50.3736911],[8.5599227,50.3746447],[8.5606804,50.3752213],[8.5607259,50.3752559],[8.5612454,50.3756509],[8.5613113,50.375701],[8.5618668,50.375544],[8.5619169,50.3755231],[8.5621932,50.3753634],[8.562241,50.375323],[8.562279,50.375297],[8.5623822,50.3752869],[8.5625507,50.3752412],[8.5627463,50.3752147],[8.5628015,50.3751963],[8.5629034,50.3750866],[8.5630633,50.3750233],[8.5631085,50.3749212],[8.5631765,50.3748682],[8.5632716,50.374828],[8.5633546,50.374748],[8.5634772,50.3747237],[8.5635195,50.3746873],[8.563644,50.3745881],[8.5637658,50.3745313],[8.563822,50.374498],[8.5639296,50.3743797],[8.5641304,50.3742396],[8.5641977,50.3741812],[8.5642748,50.3741484],[8.564316,50.3741177],[8.564431,50.3739034],[8.5644856,50.3738837],[8.564521,50.3738148],[8.564525,50.3737672],[8.564501,50.3737011],[8.5644542,50.3736522],[8.5645558,50.3736477],[8.5645471,50.373567],[8.5650017,50.3731535],[8.5651846,50.3726924],[8.5653278,50.3725201],[8.5653533,50.3724963],[8.5663564,50.37156],[8.5664328,50.3715999],[8.5667405,50.3717608],[8.566791,50.3717872],[8.5668398,50.3718128],[8.5672979,50.3717535],[8.5677683,50.3718091],[8.5676886,50.3715304],[8.5678956,50.3712671],[8.5684228,50.371037],[8.5690178,50.3705995],[8.5692879,50.3704606],[8.5697378,50.3702705],[8.5697491,50.3698455],[8.5700564,50.3695224],[8.5705254,50.3690932],[8.5712142,50.3684629],[8.5712112,50.3680299],[8.5712593,50.367615],[8.5713512,50.3676331],[8.572002,50.3677615],[8.5720286,50.3677672],[8.5725236,50.3678738],[8.5730499,50.3679551],[8.5743355,50.3682557],[8.5745509,50.3683061],[8.5756031,50.3685523],[8.575694,50.3685889],[8.5758173,50.3686384],[8.5767588,50.3690162],[8.5769601,50.3697832],[8.576843,50.3701575],[8.5765987,50.3709396],[8.5764732,50.3716406],[8.5765679,50.3723385],[8.5773414,50.372747],[8.5784912,50.3731821],[8.5796636,50.3735241],[8.5811816,50.3736587],[8.5834153,50.3735838],[8.5834426,50.3735831],[8.5837232,50.3734842],[8.5839121,50.3734188],[8.5853116,50.3729242],[8.5848091,50.3723109],[8.5846672,50.3721378],[8.5855645,50.3705536],[8.5856661,50.3703742],[8.585959,50.3704254],[8.5868649,50.3694942],[8.5878434,50.3695596],[8.588948,50.3702025],[8.5891059,50.3702127],[8.590233,50.3702851],[8.5903203,50.3702907],[8.5914024,50.3685543],[8.5925626,50.3686818],[8.5932368,50.3687572],[8.5944635,50.3689016],[8.5952527,50.3692407],[8.5976922,50.3690743],[8.599951,50.3688685],[8.6020242,50.3696967],[8.6031918,50.3702778],[8.6027873,50.3707197],[8.6031121,50.3708466],[8.602464,50.3715147],[8.6036061,50.3719502],[8.6049105,50.3724916],[8.606465,50.3729588],[8.6079244,50.373128],[8.6080924,50.3731165],[8.6082335,50.3731067],[8.610084,50.3729785],[8.6103081,50.3729629],[8.6102932,50.3728927],[8.6102843,50.3728505],[8.6102676,50.3727722],[8.610248,50.3726797],[8.6102442,50.372662],[8.6102155,50.3725268],[8.6101435,50.3721732],[8.6093866,50.3714639],[8.6087054,50.370825],[8.6086746,50.3707962],[8.6085559,50.3706847],[8.6083133,50.370457],[8.6087434,50.3693169],[8.6102784,50.3683119],[8.6097138,50.3677023],[8.6099877,50.3673228],[8.6103185,50.366863],[8.6110701,50.3662115],[8.6111678,50.3661767],[8.6113463,50.3661133],[8.6113887,50.3660983],[8.6120619,50.3658589],[8.6119107,50.3656229],[8.6117935,50.3654399],[8.6113514,50.3650714],[8.6111907,50.3649527],[8.6105166,50.3644552],[8.6096853,50.363688],[8.6093239,50.3633076],[8.6082421,50.3628803],[8.6082079,50.3624787],[8.6081225,50.3624663],[8.607787,50.3624176],[8.6070206,50.3624357],[8.6069551,50.3624371],[8.6052675,50.3620824],[8.6039961,50.361699],[8.6030352,50.361446],[8.6023889,50.3610442],[8.6023096,50.3609948],[8.6017671,50.3603001],[8.6010495,50.3598286],[8.6007931,50.3596602],[8.6002426,50.3592387],[8.6001865,50.3590753],[8.6005723,50.3588466],[8.600636,50.358811],[8.6011324,50.3585308],[8.6011532,50.3585193],[8.6015134,50.3581754],[8.6015287,50.3581602],[8.6021559,50.357924],[8.6021698,50.3579252],[8.6026318,50.3579557],[8.6026718,50.3573491],[8.6026547,50.3569514],[8.6028093,50.3564069],[8.6034459,50.3558346],[8.6039727,50.35547],[8.6043548,50.3551074],[8.6041833,50.3545589],[8.6042222,50.3545174],[8.6045539,50.3541624],[8.605134,50.3538725],[8.6058579,50.3535203],[8.6058679,50.3535144],[8.606965,50.3528179],[8.607852,50.3526288],[8.6083538,50.3525213],[8.6084204,50.352504],[8.6098454,50.3521347],[8.6109561,50.3518946],[8.611447,50.351789],[8.612849,50.3517051],[8.613092,50.3516013],[8.6136707,50.351351],[8.6151222,50.3503428],[8.6168527,50.3503176],[8.6179817,50.3506856],[8.6194053,50.3509159],[8.6196986,50.3509633],[8.6206096,50.350016],[8.6208486,50.349482],[8.6214511,50.3488743],[8.6215141,50.3487969],[8.6221248,50.3480559],[8.6229475,50.3475663],[8.6232798,50.3476841],[8.6233975,50.3473229],[8.6234862,50.3470527],[8.6236508,50.3465416],[8.6238295,50.3459922],[8.6234044,50.3454087],[8.6232916,50.3449342],[8.6236845,50.3444682],[8.6232097,50.3438133],[8.6232357,50.343793],[8.6238484,50.3433039],[8.6245302,50.3427581],[8.6256375,50.3425459],[8.6257045,50.3425593],[8.6267716,50.342776],[8.6268195,50.3427947],[8.6277742,50.3431704],[8.6278231,50.3431881],[8.6291709,50.3437163],[8.6292397,50.3436562],[8.6285741,50.3431636],[8.6280198,50.3427614],[8.627504,50.3422289],[8.6267092,50.3418378],[8.6260348,50.3414411],[8.6257047,50.3410737],[8.6259773,50.3407988],[8.6266823,50.3405827],[8.6276963,50.3404993],[8.6283249,50.3405013],[8.629232,50.3403632],[8.6302211,50.3404057],[8.6303285,50.3403778],[8.630401,50.340359],[8.6305277,50.3403261],[8.6307395,50.3402711],[8.6310722,50.3401847],[8.6311125,50.3401743],[8.6313169,50.3400579],[8.6314701,50.3399706],[8.631596,50.3398989],[8.6318027,50.3397812],[8.6321931,50.3394329],[8.6323346,50.3393065],[8.6324766,50.3391539],[8.632851,50.3387512],[8.6328897,50.3387026],[8.6330506,50.3385008],[8.6333963,50.3383108],[8.634056,50.3379469],[8.6348889,50.3375856],[8.6355589,50.3371973],[8.6361248,50.3368676],[8.6359962,50.3367097],[8.6350672,50.3369209],[8.6345583,50.3371419],[8.6331673,50.3374713],[8.6330158,50.3368878],[8.6327487,50.3358937],[8.6327005,50.3353806],[8.6326658,50.3350289],[8.6334199,50.3342014],[8.6340667,50.3334815],[8.6346312,50.332866],[8.6348456,50.3326346],[8.6351814,50.3322676],[8.6355091,50.3319113],[8.6359204,50.33147],[8.636778,50.3317928],[8.6375252,50.3320763],[8.6381521,50.3323167],[8.6384561,50.3324329],[8.63851,50.3324539],[8.6389226,50.3326121],[8.6403145,50.3331418],[8.6409023,50.3333679],[8.6417655,50.3336957],[8.6421737,50.3332499],[8.6424603,50.3329362],[8.6427764,50.3325912],[8.6429939,50.3323545],[8.6434037,50.3319077],[8.6438125,50.3314619],[8.6440797,50.33117],[8.6442151,50.3310222],[8.6443224,50.3309054],[8.6448358,50.3303451],[8.6453463,50.3297855],[8.6458584,50.3292266],[8.6463693,50.3286658],[8.6468801,50.328107],[8.6473888,50.3275487],[8.6479016,50.3269887],[8.6483858,50.3264617],[8.6489001,50.3259017],[8.649411,50.3253444],[8.649924,50.3247846],[8.6503468,50.3243175],[8.6497458,50.3239748],[8.6496589,50.323926],[8.6488291,50.3235963],[8.6486313,50.3235097],[8.6479634,50.3232172],[8.6479162,50.3231968],[8.6472765,50.3231684],[8.6466682,50.3230196],[8.6458543,50.3230239],[8.6453647,50.3230736],[8.6450492,50.3231063],[8.6443773,50.3230802],[8.6443387,50.3230777],[8.644134,50.3230694],[8.643249,50.3230326],[8.6418953,50.3232777],[8.6410148,50.3234374],[8.6408578,50.3234657],[8.6396776,50.3236811],[8.6393753,50.3234152],[8.6391532,50.3231693],[8.6391241,50.3231364],[8.6387776,50.3227452],[8.6384614,50.321981],[8.6384173,50.3218765],[8.6381851,50.321463],[8.6380927,50.3212986],[8.6378458,50.3208026],[8.6377399,50.3206719],[8.6374825,50.320354],[8.6369963,50.3196378],[8.6366943,50.3189644],[8.6365275,50.3183608],[8.6374749,50.3177135],[8.6377619,50.3175175],[8.6385504,50.3169744],[8.6389374,50.3167089],[8.6396287,50.3162311],[8.6394332,50.3157363],[8.6393192,50.3152561],[8.6391092,50.314699],[8.6389004,50.3141542],[8.6384052,50.3141383],[8.6374764,50.314111],[8.637238,50.3141026],[8.6371032,50.3141056],[8.6352344,50.3141542],[8.634958,50.3141605],[8.6342027,50.3143638],[8.6340122,50.3135443],[8.6339048,50.3131023],[8.6337174,50.3124024],[8.6336281,50.3120683],[8.6333499,50.3111212],[8.6331597,50.3104726],[8.6326955,50.3100107],[8.6317804,50.3094191],[8.6309936,50.3090541],[8.6306656,50.308902],[8.6298741,50.308435],[8.6285605,50.3075388],[8.6285533,50.3075339],[8.627474,50.306894],[8.6269745,50.3065978],[8.6257117,50.3060513],[8.6247879,50.3054998],[8.6244659,50.3053524],[8.6241765,50.305269],[8.6232876,50.3049808],[8.6229344,50.304769],[8.6226367,50.3045716],[8.6223456,50.3043484],[8.6222959,50.3043122],[8.6222154,50.3042553],[8.6221528,50.3042112],[8.6213891,50.3037966],[8.6210861,50.3035721],[8.6204537,50.3029675],[8.6199478,50.3021504],[8.6194773,50.3013828],[8.6191053,50.3009658],[8.6189705,50.3006953],[8.618828,50.3005525],[8.6183189,50.3002393],[8.6178113,50.2996774],[8.6174455,50.2992105],[8.6172773,50.2988787],[8.617254,50.2984818],[8.6172909,50.2972706],[8.617293,50.2971982],[8.6172938,50.2971742],[8.6172974,50.2970549],[8.6171951,50.2968442],[8.6170324,50.2966942],[8.6167761,50.2965637],[8.6164387,50.2964507],[8.6158157,50.2962867],[8.6151349,50.2961616],[8.614297,50.295978],[8.6134914,50.2957364],[8.6126275,50.2954043],[8.6109563,50.2948188],[8.6100785,50.2945245],[8.609485,50.2943828],[8.608531,50.2941078],[8.6080929,50.2939656],[8.6074642,50.2937799],[8.6071851,50.2936664],[8.606782,50.2935257],[8.6053006,50.292991],[8.6049497,50.2928594],[8.6040004,50.2926379],[8.6029404,50.2924086],[8.6023871,50.2923347],[8.6019337,50.2922542],[8.6016246,50.292161],[8.6012051,50.2919857],[8.6006098,50.2915732],[8.6002489,50.291364],[8.5997306,50.2911377],[8.5988645,50.2908678],[8.5984699,50.2907746],[8.5980117,50.2907513],[8.5972152,50.2908293],[8.5964025,50.290814],[8.5950921,50.2906973],[8.5937874,50.2906863],[8.5931747,50.2906674],[8.5923277,50.2905522],[8.5924712,50.290528],[8.5940678,50.2902694],[8.5956382,50.2900154],[8.59717,50.2897747],[8.5975357,50.2897191],[8.5987158,50.2895386],[8.6002698,50.2893015],[8.6018454,50.2890686],[8.6033988,50.2888277],[8.603415,50.2888252],[8.6049548,50.2885892],[8.6065145,50.2883478],[8.6080681,50.2881112],[8.6096162,50.2878788],[8.6111682,50.2876439],[8.6127232,50.2874093],[8.6142739,50.2871724],[8.6158307,50.2869351],[8.6173837,50.2866962],[8.6189333,50.2864741],[8.6204754,50.2862483],[8.6220149,50.2860084],[8.623036,50.2858466],[8.6235546,50.2857644],[8.6251009,50.285534],[8.6266465,50.2853087],[8.6281994,50.2850804],[8.6297507,50.2848489],[8.6313065,50.284616],[8.6328593,50.2843858],[8.634429,50.2841487],[8.6359979,50.2839071],[8.6375432,50.2836743],[8.6391007,50.2834363],[8.6393663,50.2833966],[8.6397337,50.2833407],[8.6406621,50.2831994],[8.6422138,50.2829616],[8.6437743,50.2827259],[8.6440698,50.2826812],[8.6445241,50.2826125],[8.6448418,50.2825645],[8.6452558,50.282503],[8.6452992,50.2824954],[8.6453325,50.2824904],[8.6454884,50.2824668],[8.6455116,50.2824634],[8.6459243,50.282401],[8.6463496,50.2823367],[8.6463962,50.2823297],[8.6465849,50.2823011],[8.6466302,50.2822943],[8.6468909,50.2822549],[8.6470599,50.2822294],[8.6475238,50.2821592],[8.6475626,50.2821533],[8.6477412,50.2821264],[8.6477825,50.282122],[8.6478234,50.2821157],[8.6484479,50.2820189],[8.6487677,50.2819703],[8.6500037,50.2817821],[8.6515568,50.2815425],[8.6531116,50.2813024],[8.6540422,50.2811585],[8.6541994,50.2813566],[8.6545836,50.2815386],[8.6552274,50.2817613],[8.6560131,50.2819731],[8.6563513,50.2819957],[8.6567123,50.2820908],[8.6567679,50.282118],[8.6570032,50.2822332],[8.6570756,50.2822686],[8.6571578,50.2822055],[8.657516,50.2819305],[8.6576546,50.2818242],[8.6576912,50.281796],[8.6579081,50.2817992],[8.6580773,50.2818017],[8.6585366,50.2815424],[8.6591324,50.2812059],[8.6592372,50.2811469],[8.6592936,50.2811144],[8.6595156,50.2809822],[8.6595731,50.280948],[8.659667,50.280892],[8.6598738,50.2807691],[8.6599342,50.2809547],[8.6599856,50.281113],[8.660027,50.2812416],[8.6600579,50.2813377],[8.6602251,50.2818573],[8.660099,50.2818889],[8.6592141,50.2821115],[8.6589413,50.2822265],[8.6585475,50.2825814],[8.6578408,50.2829325],[8.6573628,50.2832852],[8.657313,50.283322],[8.6571136,50.2835201],[8.6555121,50.2842987],[8.6552835,50.2843809],[8.6546326,50.2849678],[8.6545898,50.2850619],[8.6540431,50.2853377],[8.6538139,50.2854993],[8.6530179,50.2858122],[8.6526993,50.2860359],[8.6528518,50.2862369],[8.6528848,50.2862804],[8.6531193,50.2865895],[8.6534573,50.2870752],[8.6539165,50.2873279],[8.6545004,50.287801],[8.6554156,50.288498],[8.6554645,50.2885313],[8.6562739,50.2893007],[8.6586214,50.2886809],[8.6591088,50.2888489],[8.6594303,50.2892496],[8.6599094,50.2898229],[8.6603307,50.2902202],[8.6619278,50.289403],[8.6619622,50.289381],[8.6631381,50.2886301],[8.6637851,50.2882045],[8.6640603,50.2880235],[8.6641005,50.2879974],[8.6650125,50.2879152],[8.6657865,50.2877477],[8.6658789,50.2877278],[8.6672699,50.2874483],[8.6684046,50.2872204],[8.6688467,50.287203],[8.6689815,50.2872253],[8.6699322,50.2873826],[8.6699923,50.2873926],[8.6702382,50.2874333],[8.6703614,50.2874005],[8.6705446,50.2873518],[8.6706069,50.2873353],[8.6697744,50.2863146],[8.6697489,50.2862803],[8.6696737,50.2861899],[8.6694595,50.2859247],[8.6690749,50.2854497],[8.6690464,50.2854133],[8.6683152,50.2845118],[8.6675859,50.2836091],[8.6674311,50.2834722],[8.6661761,50.2836349],[8.6658341,50.2836163],[8.6655852,50.2836027],[8.6651807,50.2835817],[8.664442,50.2835419],[8.6640707,50.2834891],[8.6636351,50.2834776],[8.6621637,50.283439],[8.6620468,50.2834131],[8.6618667,50.2833732],[8.6616849,50.2833331],[8.6615958,50.2833135],[8.6615422,50.2833017],[8.661479,50.2832877],[8.6614133,50.2831915],[8.6612816,50.2829983],[8.6608499,50.2823655],[8.6607922,50.2822807],[8.6607796,50.2822276],[8.6607039,50.2819076],[8.6606641,50.2817398],[8.6605528,50.2813776],[8.6604895,50.2811713],[8.6604575,50.2810671],[8.6604274,50.2809692],[8.6603389,50.2806808],[8.6605118,50.2806262],[8.6611305,50.2804307],[8.6611343,50.280431],[8.6612807,50.2803844],[8.6615702,50.2802921],[8.6615803,50.2802889],[8.6615792,50.2802862],[8.6615569,50.2802344],[8.6615173,50.2801269],[8.6614986,50.2800789],[8.6611997,50.2793101],[8.6610497,50.2788951],[8.6608425,50.2783219],[8.6606757,50.2778683],[8.6600899,50.2769384],[8.6600347,50.2768655],[8.6599721,50.2767828],[8.6599091,50.2766997],[8.6598455,50.2766157],[8.6597875,50.2765392],[8.6597167,50.2764457],[8.6596493,50.2763568],[8.6595858,50.276273],[8.6595422,50.2762155],[8.6593161,50.275917],[8.659315,50.2759089],[8.659303,50.2758222],[8.6592928,50.2757479],[8.6592823,50.2756718],[8.6592741,50.2756129],[8.6592658,50.2755527],[8.6592585,50.2754998],[8.6592181,50.2752074],[8.6592115,50.2751591],[8.6592063,50.2751212],[8.6592275,50.2749542],[8.6592681,50.2746337],[8.6593046,50.2743465],[8.659256,50.274158],[8.6591834,50.2738763],[8.6591475,50.2737374],[8.659101,50.273557],[8.6590703,50.2734377],[8.6590679,50.2734282],[8.6590679,50.273253],[8.6590679,50.2731163],[8.6590679,50.2727601],[8.659068,50.272655],[8.6590757,50.2725672],[8.6590865,50.2724496],[8.6590932,50.2723772],[8.6591097,50.2721989],[8.6591222,50.2720571],[8.6591288,50.2719826],[8.6591365,50.2718926],[8.659147,50.2717617],[8.6591538,50.2716942],[8.65916,50.2716504],[8.6591931,50.2713371],[8.6592649,50.2706839],[8.659276,50.2705834],[8.6592829,50.2705209],[8.6593522,50.2704504],[8.6588913,50.2703199],[8.6597726,50.2698527],[8.6605741,50.2694277],[8.6606495,50.2693882],[8.6606521,50.2693615],[8.6606553,50.2693293],[8.660662,50.2692618],[8.6606661,50.2692207],[8.6606767,50.2691137],[8.6606958,50.269072],[8.6607038,50.2690546],[8.6607473,50.2689599],[8.6608438,50.2687494],[8.6607555,50.2687043],[8.6606265,50.2686384],[8.6604759,50.2685616],[8.6605213,50.2685285],[8.6605548,50.268504],[8.6605651,50.2684963],[8.6607875,50.2683298],[8.6608589,50.2681335],[8.6608652,50.2681163],[8.6609279,50.2679435],[8.660793,50.2678253],[8.6613034,50.2675102],[8.6614047,50.2674476],[8.6621323,50.2669984],[8.663004,50.2664622],[8.6630493,50.2664344],[8.6634219,50.2662055],[8.6634715,50.2661749],[8.6636519,50.2660646],[8.6638203,50.265961],[8.6646234,50.2654672],[8.6650081,50.2653435],[8.6668578,50.2649692],[8.6669632,50.2651096],[8.6671703,50.2654717],[8.6671939,50.2655129],[8.6673503,50.2655083],[8.6690319,50.2654598],[8.6690068,50.2652],[8.6689605,50.2645412],[8.6689561,50.2644784],[8.6695699,50.2645087],[8.6700467,50.2645323],[8.6709903,50.264327],[8.6710747,50.2643238],[8.6715697,50.2643054],[8.6728932,50.2642562],[8.6732011,50.2642448],[8.6733071,50.2642382],[8.6734498,50.2642295],[8.6738008,50.2642079],[8.6738014,50.2642254],[8.675094,50.263741],[8.6766683,50.2631521],[8.6775045,50.2628931],[8.6775267,50.2628861],[8.6775197,50.262876],[8.6768292,50.2618623],[8.6764229,50.261266],[8.6758313,50.2603967],[8.6757887,50.2603732],[8.675435,50.2601901],[8.6754045,50.2601697],[8.6772299,50.2595475],[8.6773123,50.2595195],[8.6781724,50.2592278],[8.6782063,50.2592115],[8.6788612,50.2588962],[8.6794756,50.2584575],[8.6799717,50.2582582],[8.6801057,50.2582045],[8.6807742,50.2579314],[8.6811334,50.2577834],[8.6812144,50.2577499],[8.6815315,50.2576193],[8.6817467,50.2575307],[8.6823444,50.257285],[8.6823955,50.257264],[8.6825577,50.2572212],[8.6825644,50.2572194],[8.6825829,50.2572136],[8.6828935,50.2571165],[8.6829372,50.2571028],[8.6844944,50.2566154],[8.6865388,50.2559732],[8.686585,50.2559611],[8.6861386,50.2545374],[8.6881501,50.254141],[8.6881403,50.2541098],[8.6879431,50.2534772],[8.6878694,50.2532404],[8.6878289,50.2531105],[8.6877228,50.252775],[8.6877216,50.2527647],[8.689879,50.2523393],[8.6899028,50.2523344],[8.6898957,50.2523163],[8.6898849,50.2522891],[8.6898785,50.2522728],[8.6898653,50.2522394],[8.6892651,50.250721],[8.6886437,50.2491546],[8.6880234,50.2475849],[8.6879411,50.2473764],[8.6874036,50.2460164],[8.6865859,50.2439436],[8.6859665,50.2423746],[8.6853461,50.2408053],[8.6847268,50.2392367],[8.6843111,50.2381831],[8.684333,50.2381701],[8.6845665,50.2380316],[8.6864144,50.2373793],[8.6883726,50.2366892],[8.688424,50.2366711],[8.6884518,50.2366613],[8.6884779,50.2366537],[8.6893774,50.2363912],[8.6905682,50.2355117],[8.6922006,50.2343071],[8.6937651,50.2334417],[8.6954304,50.2325197],[8.6957767,50.2322918],[8.6971856,50.2313642],[8.698781,50.2306566],[8.7005228,50.2298658],[8.7016966,50.2294179],[8.7018655,50.2293536],[8.7019084,50.2293372],[8.7079961,50.2293086],[8.7118799,50.2292922],[8.7119067,50.2292923],[8.7119107,50.229274],[8.7121347,50.2282417],[8.7123344,50.2272435],[8.7123425,50.2272028],[8.7123607,50.2271118],[8.7127689,50.2250673],[8.7127953,50.2250759],[8.7128065,50.2250796],[8.7129193,50.2251158],[8.7154788,50.2258224],[8.7154924,50.2258091],[8.715612,50.2256945],[8.7163602,50.2242982],[8.7163988,50.22431],[8.7164085,50.2242982],[8.7186447,50.2249809],[8.7192268,50.2251586],[8.719385,50.2248606],[8.719518,50.2246102],[8.7195556,50.2244757],[8.720117,50.2233964],[8.7207313,50.222479],[8.7209346,50.2223325],[8.7212922,50.2220749],[8.7215084,50.2219263],[8.7215669,50.2219526],[8.7215856,50.2219367],[8.7218051,50.2217507],[8.7221177,50.2213417],[8.7222952,50.2213288],[8.7235778,50.2212346],[8.7236216,50.2211495],[8.7243403,50.2197545],[8.7268356,50.2191511],[8.7269044,50.2191257],[8.7272076,50.2190137],[8.7275392,50.2188905],[8.7285402,50.2185191],[8.7288533,50.2184028],[8.7295166,50.218199],[8.7305165,50.2178918],[8.7305981,50.2178669],[8.7311719,50.2176905],[8.7313261,50.2176429],[8.731387,50.2175716],[8.7315957,50.2171947],[8.7317958,50.2170309],[8.7318895,50.2168199],[8.7319817,50.2166121],[8.7320752,50.2161843],[8.7320702,50.2159261],[8.7320698,50.2159046],[8.7321157,50.2158687],[8.7321375,50.2158518],[8.7346182,50.2155726],[8.7349535,50.2155599],[8.7349493,50.215515],[8.7348633,50.2154737],[8.734717,50.2150903],[8.7346469,50.2149528],[8.7345132,50.2146908],[8.7344186,50.2145054],[8.7340076,50.2140478],[8.734223,50.2134907],[8.7342663,50.2133788],[8.7343075,50.2132722],[8.7345271,50.212704],[8.7349457,50.2116289],[8.7349804,50.2116319],[8.734977,50.211363],[8.7349761,50.2112725],[8.7349084,50.2113084],[8.7334591,50.2111227],[8.7329154,50.2110527],[8.7328355,50.2110434],[8.7308856,50.2108126],[8.7307864,50.2108182],[8.7307053,50.2108041],[8.7307507,50.2107854],[8.730909,50.2100734],[8.7310056,50.2096393],[8.7310792,50.2093097],[8.7311858,50.2088317],[8.7312467,50.2085587],[8.7313791,50.2079587],[8.7314919,50.2074476],[8.7310841,50.2073673],[8.7311067,50.2073314],[8.7313678,50.2069158],[8.7316061,50.2065364],[8.7317423,50.2063196],[8.7314584,50.2060094],[8.7309255,50.2054275],[8.7306486,50.2053452],[8.7305597,50.20534],[8.7304673,50.2053104],[8.7304269,50.2052569],[8.7304729,50.2052422],[8.7305656,50.2045478],[8.7305935,50.2043387],[8.7306918,50.2036016],[8.7306947,50.2035802],[8.7296697,50.2031723],[8.7292845,50.2030191],[8.7292553,50.2030075],[8.729617,50.202588],[8.7289778,50.2023078],[8.7289883,50.2022938],[8.7261574,50.2012592],[8.7237337,50.2003732],[8.7236971,50.2003598],[8.7217361,50.1996429],[8.7212895,50.1994796],[8.7212523,50.199466],[8.7199185,50.1989776],[8.7190491,50.1967166],[8.719039,50.1966904],[8.7190447,50.1966185],[8.7190505,50.1965457],[8.7189294,50.1964588],[8.7188811,50.196424],[8.7185343,50.1961751],[8.7184886,50.1961628],[8.7181074,50.1960605],[8.7177517,50.1959651],[8.7177106,50.1959476],[8.7165672,50.1954609],[8.7162902,50.1953437],[8.7160632,50.1952479],[8.7160398,50.1952379],[8.7158507,50.1952843],[8.7157403,50.1953114],[8.7157024,50.1952911],[8.7140751,50.1944236],[8.7140226,50.1944423],[8.7137075,50.194555],[8.7135052,50.1945759],[8.713137,50.1946418],[8.7128461,50.1948067],[8.7127957,50.1948752],[8.7127598,50.19486],[8.7114854,50.1943189],[8.7091605,50.1933335],[8.7082046,50.1929281],[8.7073388,50.192561],[8.7062073,50.1920811],[8.7054515,50.1917605],[8.7054704,50.1917494],[8.7071289,50.1907799],[8.7110276,50.1885029],[8.7110149,50.1884857],[8.7103337,50.1875595],[8.7102993,50.1875127],[8.7094577,50.1863584],[8.7085964,50.1851768],[8.7085722,50.1851435],[8.7076022,50.1838134],[8.7075914,50.1837985],[8.7075642,50.183803],[8.7074491,50.1838218],[8.7067049,50.1839437],[8.7046545,50.1846599],[8.7044879,50.1847181],[8.704478,50.1847013],[8.7032604,50.1826364],[8.7032356,50.1825944],[8.7020893,50.1806503],[8.702063,50.1806059],[8.7020615,50.1806035],[8.7020517,50.1805868],[8.7019888,50.1804801],[8.7022355,50.1804397],[8.7025167,50.1803561],[8.7028117,50.1802185],[8.7032872,50.1800499],[8.7034056,50.1800178],[8.7037751,50.1799046],[8.7045623,50.1796846],[8.7053351,50.1794559],[8.7058236,50.1793109],[8.7061132,50.1792193],[8.7073085,50.1791053],[8.7080266,50.1790001],[8.7082003,50.1789836],[8.7087277,50.1789336],[8.7089257,50.1789239],[8.708971,50.1789217],[8.7090045,50.1788678],[8.7090075,50.1788629],[8.7090122,50.1788556],[8.7090289,50.1788277],[8.7091913,50.1785696],[8.7092374,50.1784963],[8.709258,50.1784634],[8.7088385,50.1779865],[8.7093007,50.1778487],[8.7091596,50.1776203],[8.7091545,50.1776084],[8.7090272,50.1773136],[8.7089996,50.1772498],[8.7089991,50.1771591],[8.7089985,50.1770687],[8.7089984,50.1770394],[8.7090045,50.1769951],[8.7090272,50.1768317],[8.709064,50.1768296],[8.7090925,50.1767402],[8.7091473,50.1765682],[8.7091643,50.1765147],[8.7091807,50.1764632],[8.7091983,50.1764079],[8.7092121,50.1763645],[8.7092792,50.1761538],[8.7091431,50.1760673],[8.7091934,50.1760034],[8.7093984,50.1757431],[8.7094934,50.1756224],[8.7100716,50.1748881],[8.7104629,50.1743913],[8.7106899,50.1741032],[8.7107614,50.1740124],[8.7108053,50.1740263],[8.7108347,50.1740031],[8.7109508,50.1739134],[8.711259,50.1735453],[8.7113373,50.1734522],[8.7113817,50.1733993],[8.7114261,50.1733462],[8.7114714,50.1732922],[8.7115167,50.1732382],[8.7115172,50.1732376],[8.7115505,50.1731802],[8.7115845,50.1731221],[8.7116423,50.1730227],[8.7118869,50.1726039],[8.7118912,50.1725965],[8.71199,50.1725049],[8.7121493,50.1723571],[8.7121608,50.1723465],[8.7122446,50.1723019],[8.7123171,50.1722633],[8.7123891,50.1722249],[8.712463,50.1721856],[8.7125815,50.1721226],[8.7127009,50.172059],[8.7127749,50.1720197],[8.7128472,50.1719812],[8.7129214,50.1719418],[8.7129943,50.1719029],[8.7130534,50.1718715],[8.7130702,50.1718658],[8.7131599,50.1718352],[8.7132515,50.1718039],[8.7133425,50.1717729],[8.7134321,50.1717423],[8.7135208,50.171712],[8.713668,50.1716618],[8.7137267,50.1716418],[8.713775,50.1715917],[8.7138245,50.1715406],[8.7138741,50.1714893],[8.713923,50.1714388],[8.7139717,50.1713884],[8.7140199,50.1713385],[8.7140442,50.1713134],[8.7141095,50.1711443],[8.7142236,50.170849],[8.714227,50.1708402],[8.7142718,50.1707644],[8.7145867,50.1702314],[8.7151173,50.1700918],[8.7165508,50.1697129],[8.7167315,50.1696653],[8.7178562,50.169284],[8.717939,50.1692063],[8.7186683,50.168523],[8.7187079,50.1684623],[8.7187462,50.1684037],[8.7188913,50.1681815],[8.7190087,50.1680018],[8.719121,50.1678298],[8.7195288,50.1672053],[8.7195943,50.167105],[8.7196159,50.1670719],[8.7198742,50.1666765],[8.7199168,50.1666113],[8.719988,50.1665023],[8.7201832,50.1663107],[8.7202277,50.1662669],[8.7202405,50.1662544],[8.7203067,50.1661894],[8.7203586,50.1661384],[8.7204745,50.1660258],[8.720592,50.16591],[8.7206079,50.1658945],[8.7208734,50.1656343],[8.7210614,50.1654501],[8.7211472,50.1653808],[8.7214848,50.165108],[8.721838,50.1648227],[8.7218451,50.1648141],[8.7219134,50.1647619],[8.7221834,50.1645437],[8.7223226,50.1644312],[8.7227631,50.1638178],[8.7228369,50.1637151],[8.7228465,50.1637015],[8.7229799,50.1635143],[8.7230075,50.1634759],[8.7233277,50.1634422],[8.7234408,50.1634304],[8.7237874,50.1633941],[8.7237988,50.1633927],[8.7239626,50.1633756],[8.724033,50.1633684],[8.7240563,50.1633658],[8.7241892,50.1633519],[8.7243636,50.1633337],[8.7245343,50.1633159],[8.724563,50.1633103],[8.7247641,50.1632704],[8.7249657,50.1632304],[8.7249948,50.1632246],[8.7251731,50.1632208],[8.725604,50.1632114],[8.7258164,50.1632068],[8.7260089,50.1632027],[8.7260387,50.1631987],[8.7260511,50.1631971],[8.7262627,50.163169],[8.7264808,50.16314],[8.7267024,50.1631106],[8.7269146,50.1630824],[8.7271032,50.1630574],[8.7271718,50.1630483],[8.7273014,50.1630311],[8.7274365,50.1630158],[8.7277077,50.1629851],[8.7287333,50.1628689],[8.7290539,50.1628326],[8.7291913,50.1628448],[8.7292598,50.1627915],[8.7292741,50.1627862],[8.7293242,50.1627676],[8.7293803,50.1627468],[8.7294737,50.1627122],[8.7295487,50.1626844],[8.7295517,50.1626834],[8.7296202,50.1626579],[8.7297144,50.162623],[8.7297904,50.1625949],[8.7298563,50.1625704],[8.7299038,50.1625528],[8.7299537,50.1625344],[8.7300048,50.1625153],[8.7300616,50.1624942],[8.7301271,50.16247],[8.730188,50.1624474],[8.7302699,50.162417],[8.7303494,50.1623876],[8.7304183,50.1623621],[8.7304884,50.1623361],[8.7305329,50.1623196],[8.7305883,50.162299],[8.7306333,50.1622824],[8.730719,50.1622506],[8.7307321,50.1622458],[8.7308014,50.1622443],[8.731035,50.1622393],[8.7311952,50.1622359],[8.7329784,50.1621979],[8.7329928,50.1621976],[8.7330908,50.162212],[8.7333076,50.1622437],[8.7336986,50.1623011],[8.7338338,50.1623447],[8.7339221,50.1623733],[8.7340094,50.1624015],[8.7341871,50.1624588],[8.7342705,50.1624857],[8.7343558,50.1625133],[8.7347456,50.1626391],[8.73482,50.1626632],[8.7348559,50.1626748],[8.7349194,50.162702],[8.7349765,50.1627264],[8.7350268,50.1627479],[8.7350744,50.1627682],[8.7351392,50.162796],[8.7351671,50.1628079],[8.7352066,50.1628154],[8.7352763,50.1628287],[8.7353871,50.1628497],[8.7354347,50.1628588],[8.7355483,50.1628805],[8.7356147,50.1628931],[8.7356591,50.1629016],[8.7357259,50.1629143],[8.735777,50.162924],[8.7357947,50.1629271],[8.736002,50.1629666],[8.7360488,50.1629755],[8.7364175,50.1630457],[8.7364604,50.1629884],[8.7365672,50.1628454],[8.7366382,50.1628654],[8.7367787,50.1626964],[8.7369931,50.1624385],[8.7372378,50.1624719],[8.7375011,50.1625083],[8.7377338,50.1625396],[8.7379905,50.162576],[8.7380713,50.1625863],[8.7381378,50.1626061],[8.7382774,50.1626466],[8.7383154,50.1626576],[8.7383716,50.1626727],[8.7384432,50.1627284],[8.7384771,50.1627541],[8.7386707,50.1629003],[8.7390432,50.1630405],[8.7396361,50.1631918],[8.7398695,50.1634209],[8.7402544,50.16354],[8.7404774,50.163609],[8.7406146,50.1636514],[8.7408112,50.1636826],[8.7412744,50.1637562],[8.7420215,50.1639472],[8.7421097,50.1639691],[8.7425621,50.1640853],[8.7433322,50.1644714],[8.7443458,50.1653073],[8.7453674,50.1658832],[8.7461628,50.1662111],[8.7461848,50.1662223],[8.7465847,50.1664253],[8.7479237,50.1669686],[8.7482268,50.1670858],[8.7488151,50.1673447],[8.7498774,50.1681429],[8.7496053,50.1684072],[8.7503009,50.1686888],[8.7513184,50.1690638],[8.7518962,50.1693904],[8.7519557,50.1694151],[8.7520099,50.1694377],[8.7529007,50.1698077],[8.7538716,50.1702847],[8.7539267,50.1703117],[8.7542635,50.1705197],[8.7550855,50.1708177],[8.7552747,50.1708781],[8.7553464,50.170901],[8.7564191,50.1712431],[8.7566138,50.1713065],[8.7566638,50.1713228],[8.7576634,50.1716487],[8.7579392,50.17185],[8.7579809,50.1718805],[8.7579414,50.1719674],[8.7600751,50.1726257],[8.7600962,50.1726272],[8.7601378,50.1726302],[8.7602215,50.1726363],[8.7618252,50.1727533],[8.7618805,50.1727574],[8.7619881,50.1727603],[8.7623643,50.1727763],[8.7624051,50.172778],[8.762969,50.172802],[8.7629723,50.1728362],[8.7629778,50.1728932],[8.7626214,50.1736714],[8.76264,50.1751908],[8.7626369,50.1754234],[8.7626659,50.1760726],[8.7626662,50.1760783],[8.7626666,50.1760909],[8.7626677,50.1761277],[8.7626686,50.1761475],[8.762696,50.1768109],[8.7628678,50.1768061],[8.7628885,50.1768056],[8.7628852,50.1768417],[8.7628522,50.1772001],[8.7628131,50.1776255],[8.7627369,50.1784528],[8.7626979,50.1788768],[8.7626897,50.1789797],[8.7644232,50.1791904],[8.7649405,50.1792531],[8.765121,50.179275],[8.7672648,50.179535],[8.7674023,50.1795517],[8.7674699,50.1795635],[8.7686644,50.1797728],[8.7687862,50.1797941],[8.768856,50.1797976],[8.7709011,50.1798982],[8.7710633,50.1798936],[8.7711057,50.1798957],[8.7730889,50.1799948],[8.7731587,50.1799983],[8.7732844,50.1800045],[8.7753561,50.1801072],[8.7755037,50.1801145],[8.7757753,50.1801281],[8.7760667,50.1801426],[8.7762382,50.1801512],[8.7764382,50.1801611],[8.7766362,50.180171],[8.7769608,50.1801872],[8.7769818,50.1801882],[8.7770388,50.1801951],[8.7783752,50.1803546],[8.7785059,50.1803614],[8.7785629,50.1803682],[8.7786883,50.1803832],[8.7786309,50.1803548],[8.7784153,50.1799622],[8.778309,50.1797506],[8.7781263,50.1793868],[8.7780545,50.1792401],[8.7779778,50.1790833],[8.7777841,50.1788081],[8.7776644,50.1786755],[8.7776492,50.1783675],[8.7776446,50.1782743],[8.7777109,50.1782266],[8.7790984,50.1782068],[8.779101,50.1781259],[8.7791329,50.17711],[8.7791895,50.1771097],[8.7808126,50.1771024],[8.7808695,50.1771028],[8.7825067,50.1770961],[8.782551,50.177096],[8.7826073,50.1770957],[8.7829132,50.1769225],[8.7829444,50.1769049],[8.7832864,50.1767114],[8.7833217,50.1767084],[8.7833774,50.1767037],[8.7848538,50.1765814],[8.7850349,50.1765638],[8.7851003,50.1765574],[8.7852597,50.1765419],[8.7871498,50.1763579],[8.7874904,50.1763364],[8.7876311,50.1763275],[8.7876934,50.1763235],[8.7894531,50.1762119],[8.7899719,50.1761798],[8.7898447,50.1771298],[8.789806,50.1773756],[8.7897728,50.1776285],[8.7897155,50.1782807],[8.7896709,50.1787789],[8.7896393,50.1789617],[8.7895226,50.1793076],[8.7895399,50.179342],[8.7895566,50.179375],[8.7895642,50.17939],[8.7896642,50.1796463],[8.7897746,50.1799295],[8.7898612,50.1801512],[8.7900452,50.180522],[8.7901426,50.1806716],[8.7902409,50.180823],[8.7904213,50.1811001],[8.7905239,50.1812581],[8.7905388,50.181281],[8.7909089,50.1818143],[8.7909814,50.1819188],[8.7912731,50.1823391],[8.7914231,50.1825553],[8.7916054,50.182857],[8.7917514,50.1830982],[8.7919109,50.1833619],[8.7921507,50.1837585],[8.7923064,50.184016],[8.7924531,50.1840126],[8.7924659,50.1840764],[8.7925244,50.1843707],[8.7925655,50.184577],[8.7926197,50.1848492],[8.7926211,50.1848741],[8.7926434,50.1852508],[8.7926648,50.1856123],[8.7926963,50.1861431],[8.7926968,50.1861568],[8.792698,50.1861702],[8.792698,50.1862842],[8.7926976,50.1866725],[8.7926941,50.1874972],[8.7926933,50.1876653],[8.7925128,50.1876771],[8.7925026,50.1878086],[8.7921698,50.1878137],[8.7921966,50.1881255],[8.7922292,50.1885049],[8.7922303,50.1885221],[8.7922471,50.1887877],[8.7922631,50.1890403],[8.7922648,50.1891517],[8.7922701,50.189502],[8.7922714,50.1895395],[8.7923025,50.1903757],[8.7923243,50.1908138],[8.792336,50.191049],[8.7923422,50.1912367],[8.79236,50.1917778],[8.7923653,50.1927097],[8.7923659,50.1927459],[8.7923713,50.1930454],[8.7923808,50.1935803],[8.7923554,50.1936],[8.7921858,50.1935954],[8.79219,50.1936534],[8.7920077,50.1936484],[8.7918377,50.1936438],[8.7913961,50.1936316],[8.7913957,50.1936407],[8.7913785,50.1937224],[8.7913766,50.1937329],[8.7912269,50.1945745],[8.7911929,50.1946837],[8.7911928,50.1947357],[8.7912794,50.1948343],[8.7915138,50.1951622],[8.7915873,50.1952894],[8.7916882,50.1954019],[8.7919025,50.1955528],[8.7919207,50.1956433],[8.7918197,50.1957587],[8.7915767,50.1959022],[8.7912652,50.1960427],[8.7910351,50.1962172],[8.7907554,50.1963412],[8.7906902,50.1963908],[8.7906705,50.1964496],[8.7906856,50.1964817],[8.7907333,50.1964998],[8.7908734,50.1964956],[8.7910123,50.1965045],[8.791145,50.1965675],[8.7913486,50.1966833],[8.7916219,50.1967786],[8.7917554,50.1968678],[8.7917719,50.1968953],[8.7917943,50.1969339],[8.7918279,50.1970772],[8.7918381,50.1972267],[8.7918941,50.1973489],[8.791967,50.1973823],[8.7920827,50.1973772],[8.7921884,50.1973613],[8.7923192,50.1973334],[8.7924351,50.1973002],[8.7925114,50.1972829],[8.7925638,50.1972784],[8.7926213,50.1972791],[8.7926222,50.1972792],[8.792683,50.1973027],[8.7927092,50.1973478],[8.7927792,50.1975073],[8.7928184,50.1975688],[8.7928186,50.1975689],[8.7928351,50.1975827],[8.7928511,50.1975946],[8.792991,50.1976557],[8.7930637,50.1976652],[8.7931666,50.1976407],[8.7932501,50.197593],[8.7933398,50.1975211],[8.7935562,50.1973729],[8.79374,50.197303],[8.7938148,50.1972975],[8.7939209,50.1973089],[8.7939782,50.197322],[8.7939919,50.1973841],[8.794051,50.197668],[8.7940889,50.197688],[8.7941571,50.197697],[8.7942065,50.1976725],[8.7943067,50.1974997],[8.7943334,50.1974642],[8.7943622,50.197424],[8.7944018,50.1973913],[8.7945372,50.1973617],[8.7945761,50.1973651],[8.7948007,50.1973919],[8.7948703,50.1974219],[8.7950271,50.1975607],[8.795087,50.1976327],[8.7951438,50.197755],[8.7952728,50.1979118],[8.7954299,50.1980559],[8.7954759,50.1981737],[8.7954401,50.1983567],[8.7954437,50.1984386],[8.7955721,50.1985818],[8.795719,50.1986796],[8.7960142,50.1988787],[8.7960752,50.1989686],[8.7961299,50.1991816],[8.7962012,50.1993337],[8.7962619,50.1993909],[8.7963493,50.199418],[8.7965688,50.1994131],[8.7967004,50.1993891],[8.7967448,50.1993663],[8.7968048,50.1993184],[8.7967964,50.1992813],[8.7966184,50.1988147],[8.7966279,50.1984369],[8.7966516,50.1983787],[8.7967021,50.1983107],[8.796736,50.1982652],[8.7967683,50.1982537],[8.796864,50.1982397],[8.7970072,50.1982547],[8.797163,50.1983038],[8.797441,50.1984089],[8.7977457,50.1984433],[8.7980914,50.1984399],[8.7982642,50.1984514],[8.7983937,50.198494],[8.7986613,50.1986359],[8.7986876,50.1986457],[8.7987693,50.1986641],[8.799184,50.198855],[8.7992472,50.1989068],[8.7993418,50.1989153],[8.7994911,50.1988985],[8.799528,50.1988811],[8.7996055,50.198829],[8.799684,50.1987531],[8.7998311,50.198573],[8.7999184,50.198488],[8.8001267,50.1983373],[8.8003029,50.1982724],[8.8004788,50.1982434],[8.8009602,50.1983683],[8.8012476,50.1983936],[8.8013841,50.1983592],[8.8016862,50.1981907],[8.8017751,50.1981513],[8.8020559,50.198091],[8.8021737,50.198086],[8.8021831,50.1980856],[8.8024932,50.1980543],[8.8028694,50.1980339],[8.8031561,50.198035],[8.8032962,50.1980008],[8.8034122,50.1979414],[8.8036197,50.1978371],[8.803811,50.1976882],[8.8039074,50.197514],[8.8040297,50.1974352],[8.8040927,50.1974334],[8.8042034,50.1974508],[8.8043526,50.1974542],[8.8044137,50.1974366],[8.804454,50.1973883],[8.8046951,50.1972537],[8.8047884,50.1971929],[8.8048431,50.1971703],[8.804887,50.1971585],[8.8050737,50.1972085],[8.8052713,50.1971742],[8.8054838,50.1971663],[8.8055139,50.1971846],[8.8055685,50.1972945],[8.805492,50.1974781],[8.8054797,50.1975775],[8.8055248,50.1976137],[8.8057272,50.1977759],[8.8058649,50.1977987],[8.8063321,50.197762],[8.8066761,50.1975915],[8.8069978,50.1975092],[8.8070656,50.197383],[8.8070522,50.1973386],[8.8069674,50.1972149],[8.806902,50.197061],[8.8069422,50.1969495],[8.8068883,50.1968418],[8.8074353,50.1967112],[8.8076421,50.1967107],[8.8078652,50.1967335],[8.8079705,50.1967706],[8.8080424,50.1967984],[8.8082021,50.1969859],[8.8082482,50.1971201],[8.8082965,50.197306],[8.8083873,50.1974806],[8.8085202,50.1975847],[8.8086768,50.1976341],[8.8089016,50.1976463],[8.8091968,50.1976098],[8.8094832,50.1975164],[8.8095498,50.1974823],[8.8097023,50.197404],[8.8099221,50.197283],[8.8100003,50.197212],[8.8100417,50.1971073],[8.8100696,50.1970475],[8.8100507,50.1969716],[8.8099862,50.1968957],[8.8095802,50.1966932],[8.8095322,50.1966624],[8.8095228,50.1966267],[8.8095741,50.1965486],[8.8097217,50.1964589],[8.8099503,50.1963981],[8.8102171,50.1963682],[8.8105527,50.1963261],[8.8111326,50.1961562],[8.8115603,50.1961281],[8.8117092,50.1960434],[8.8116975,50.1960042],[8.8116059,50.1958833],[8.8115506,50.1957714],[8.8115157,50.1957413],[8.8115257,50.1957056],[8.8115733,50.1956751],[8.8116099,50.1956324],[8.8116515,50.195581],[8.8116701,50.1955266],[8.8115947,50.1954687],[8.8114602,50.1954435],[8.8113645,50.1954069],[8.8112464,50.1953447],[8.8112295,50.1953045],[8.8112817,50.1950374],[8.811274,50.1949926],[8.8112846,50.1949785],[8.811312,50.1949557],[8.8113689,50.1949471],[8.8115599,50.1949207],[8.8118246,50.1948962],[8.8122607,50.1949045],[8.8124343,50.1949616],[8.8125215,50.195012],[8.8125758,50.1950758],[8.8126038,50.1952276],[8.8126006,50.1953729],[8.8126419,50.1954587],[8.8127749,50.1954931],[8.8128885,50.1954951],[8.8130548,50.1954653],[8.8133526,50.1954132],[8.813557,50.1954501],[8.8136976,50.1955096],[8.8138341,50.19562],[8.8138971,50.1955766],[8.8139369,50.1955374],[8.8139578,50.1954919],[8.8139922,50.1954451],[8.8141103,50.1960246],[8.8142597,50.1962475],[8.8145188,50.1964882],[8.8145856,50.1966544],[8.814463,50.1968095],[8.8144239,50.1968291],[8.8143302,50.1968756],[8.8134839,50.1969358],[8.8131682,50.1971411],[8.8129996,50.1973272],[8.8134363,50.1977779],[8.8138431,50.1976189],[8.8142005,50.1976638],[8.8153985,50.1980151],[8.8155967,50.1982633],[8.8156961,50.1988441],[8.8157917,50.1992351],[8.8153863,50.1991157],[8.8154734,50.1994334],[8.8157664,50.1995388],[8.8160196,50.1995872],[8.8163071,50.1994943],[8.8168174,50.1994377],[8.81697,50.1993878],[8.817167,50.1993233],[8.8174572,50.1991622],[8.8176184,50.199073],[8.8177607,50.198994],[8.8179437,50.1987021],[8.818406,50.1986181],[8.8184827,50.1986042],[8.8186979,50.1989475],[8.8188854,50.1992466],[8.8190912,50.1993812],[8.819257,50.1994011],[8.8190168,50.1999049],[8.8191702,50.1999212],[8.819109,50.1999514],[8.8196783,50.2001421],[8.8207353,50.2004961],[8.8213626,50.2005496],[8.8218014,50.200485],[8.8218926,50.2004716],[8.8219154,50.2003906],[8.8219977,50.2000986],[8.8220172,50.1999653],[8.8220688,50.200038],[8.8223539,50.20018],[8.8229049,50.2003321],[8.8231603,50.2004214],[8.8235212,50.2005968],[8.8241035,50.2009653],[8.8247145,50.2011553],[8.8254667,50.2014535],[8.8257153,50.2014802],[8.826052,50.2014656],[8.8257942,50.2020116],[8.8255551,50.2019707],[8.8255252,50.2019656],[8.825493,50.2019963],[8.8255226,50.2020018],[8.8240457,50.2036053],[8.8226583,50.2050302],[8.8212683,50.2064619],[8.8212485,50.206476],[8.821176,50.2065278],[8.8211491,50.2065741],[8.8207189,50.2073637],[8.820242,50.2083493],[8.8200173,50.2089047],[8.8196388,50.2096964],[8.8192237,50.2105083],[8.8186638,50.21176],[8.8182193,50.2127427],[8.8178809,50.2134319],[8.8178656,50.2134631],[8.8177102,50.2138155],[8.8167991,50.215723],[8.8161305,50.2171748],[8.8160055,50.2174462],[8.8154579,50.2186581],[8.8149325,50.2196744],[8.8147117,50.2200976],[8.8144106,50.2206838],[8.8140431,50.2215022],[8.8137631,50.2220044],[8.8134568,50.2227893],[8.8132478,50.2232879],[8.8129526,50.2239512],[8.8127403,50.2244285],[8.8127789,50.2244331],[8.8126681,50.2246302],[8.8126349,50.2246894],[8.8126156,50.2247235],[8.8123755,50.2251499],[8.8124122,50.2251633],[8.8111724,50.2280522],[8.8111153,50.2280623],[8.8042937,50.2292709],[8.8042034,50.229287],[8.806892,50.233184],[8.806924,50.2332302],[8.8069994,50.2332068],[8.8082766,50.234648],[8.8094544,50.2359768],[8.8095167,50.2360471],[8.8095375,50.2360706],[8.8097072,50.2362621],[8.809778,50.2362728],[8.8100647,50.2362813],[8.8115647,50.2362073],[8.8137542,50.2363659],[8.8138742,50.2363746],[8.8142559,50.2364023],[8.8152618,50.2364337],[8.81661,50.2364579],[8.81665,50.2365265],[8.8182242,50.2364555],[8.8199481,50.2363323],[8.8213424,50.2362789],[8.8233406,50.2362001],[8.8252891,50.2361195],[8.8270129,50.2360479],[8.8290308,50.2359675],[8.8308085,50.2358941],[8.8325459,50.2358292],[8.8325494,50.2358746],[8.832577,50.2362415],[8.8326051,50.2366138],[8.8326203,50.2368161],[8.8326356,50.2370188],[8.8326482,50.2371863],[8.83266,50.2373426],[8.8326718,50.2374989],[8.8327055,50.237947],[8.8327143,50.2380627],[8.8327457,50.2384755],[8.8327595,50.2386575],[8.8327607,50.2386733],[8.8376141,50.2385983],[8.837616,50.2386505],[8.8376651,50.2392979],[8.837691,50.2396397],[8.8377087,50.239872],[8.8377192,50.2400104],[8.8377539,50.2404684],[8.8377776,50.2407805],[8.8377905,50.2409515],[8.8378465,50.2409538],[8.8378477,50.2409699],[8.8409782,50.2411044],[8.8414661,50.2420436],[8.8421137,50.2433018],[8.8434493,50.2458959],[8.8434267,50.2459019],[8.8431869,50.2459669],[8.8428086,50.2460699],[8.8428452,50.2460827],[8.8430243,50.2461456],[8.8430995,50.2461713],[8.8451468,50.2468705],[8.8463933,50.2472272],[8.8475543,50.2475592],[8.8488377,50.2480109],[8.850072,50.2484448],[8.851479,50.24894],[8.8515716,50.2489716],[8.8514337,50.249174],[8.8515543,50.2491915],[8.8519565,50.2492504],[8.8527301,50.2493493],[8.8534502,50.2493964],[8.8539746,50.2494483],[8.8556765,50.2495953],[8.8556818,50.2496255],[8.8557025,50.2497436],[8.8557451,50.2499719],[8.8557509,50.2500035],[8.8557513,50.2500543],[8.8557354,50.2507198],[8.8556872,50.2507648],[8.8556693,50.2507815],[8.8556842,50.2508251],[8.8557014,50.2508783],[8.8551337,50.2510261],[8.8546291,50.2513519],[8.8544524,50.2515048],[8.8542037,50.251602],[8.8539367,50.2518402],[8.8536111,50.252209],[8.8535426,50.2522872],[8.8535011,50.252469],[8.8534228,50.2526002],[8.8531063,50.2528643],[8.8530386,50.2529948],[8.8530053,50.2531264],[8.8529949,50.2532059],[8.85307,50.2533761],[8.8533397,50.2533896],[8.8534195,50.2534402],[8.8540894,50.2538565],[8.8552555,50.2542012],[8.8557894,50.2547075],[8.8557138,50.2549841],[8.8547998,50.2556823],[8.8539084,50.2563548],[8.8534112,50.2567602],[8.8527464,50.2569787],[8.8520521,50.2573171],[8.8518196,50.2575617],[8.8518303,50.2577291],[8.8519072,50.2578993],[8.8521033,50.258063],[8.8525172,50.2582584],[8.8526016,50.2584277],[8.8525809,50.258653],[8.8523798,50.2588948],[8.8521032,50.2591179],[8.8513722,50.2593576],[8.8511862,50.2594636],[8.8508681,50.2597047],[8.8507585,50.2598406],[8.8506009,50.2603055],[8.8507293,50.2604634],[8.8515279,50.2607759],[8.852217,50.2614051],[8.8525203,50.261739],[8.8531557,50.2622182],[8.8539395,50.2627365],[8.8550155,50.2632304],[8.8556186,50.2635301],[8.8560123,50.2638588],[8.8556947,50.2646711],[8.855681,50.264706],[8.8548379,50.2651753],[8.8539484,50.2658089],[8.8535628,50.2659354],[8.8535039,50.2659547],[8.8533631,50.2659936],[8.8526298,50.2660868],[8.8524745,50.2661354],[8.8523989,50.2662846],[8.8522931,50.2663263],[8.8517289,50.2664046],[8.8511301,50.2664726],[8.8507185,50.2665731],[8.8502951,50.2667734],[8.8494801,50.2672498],[8.8488291,50.2674407],[8.8478927,50.26769],[8.8468251,50.2678203],[8.8467676,50.2678177],[8.8464128,50.2677463],[8.8464028,50.2677679],[8.8463591,50.2678617],[8.8462896,50.2678433],[8.8459719,50.2683072],[8.8456977,50.2685683],[8.8454311,50.26899],[8.845184,50.269295],[8.8448936,50.2695874],[8.8447708,50.2696983],[8.8446434,50.2698035],[8.8444525,50.2699499],[8.8442209,50.2701224],[8.8439971,50.2702767],[8.8435481,50.270546],[8.8436624,50.2706206],[8.8437472,50.2707464],[8.844237,50.2714735],[8.844293,50.2715577],[8.8443151,50.2715905],[8.8443704,50.271674],[8.8448775,50.2724183],[8.8449344,50.2725055],[8.8451399,50.2728199],[8.8452719,50.2731499],[8.8453015,50.2733823],[8.845302,50.2736179],[8.8452585,50.2739175],[8.8451889,50.2741017],[8.8450273,50.2743876],[8.8450688,50.2744466],[8.8467802,50.2748862],[8.8486528,50.2753671],[8.849354,50.2755472],[8.849485,50.2755809],[8.8495675,50.2755915],[8.8503213,50.2756865],[8.8508029,50.2757637],[8.8511055,50.2758121],[8.8512567,50.2758363],[8.8523021,50.2763787],[8.8524951,50.276479],[8.8525725,50.2765192],[8.8528428,50.2766594],[8.8528716,50.2766657],[8.8534521,50.2767944],[8.8535708,50.2768438],[8.8535831,50.276849],[8.8541225,50.2770732],[8.8544819,50.2772226],[8.8548822,50.2773891],[8.8552859,50.2775457],[8.8554077,50.2775935],[8.8554369,50.2776046],[8.8562583,50.2778908],[8.8564229,50.2779407],[8.8564733,50.2779561],[8.8567925,50.2780503],[8.8575814,50.2782615],[8.858218,50.2784314],[8.8585603,50.2785222],[8.8586976,50.27854],[8.858951,50.2785715],[8.8592367,50.278607],[8.8592987,50.2786147],[8.8593727,50.2786276],[8.8597894,50.2787005],[8.8599549,50.2787296],[8.8605512,50.2788344],[8.860905,50.2788966],[8.8610409,50.2789204],[8.8612458,50.2789562],[8.8612713,50.2789607],[8.8614071,50.2789844],[8.8619316,50.2790756],[8.8638383,50.2797758],[8.8639598,50.2798208],[8.8640193,50.2798435],[8.8645404,50.2800316],[8.8649314,50.2801771],[8.8659063,50.2805345],[8.8663561,50.2806997],[8.8664165,50.2807217],[8.8665395,50.2807671],[8.8667762,50.2808538],[8.8676195,50.2811631],[8.867714,50.2811613],[8.8680014,50.2810361],[8.8683786,50.2808372],[8.8685824,50.2807135],[8.869036,50.2804377],[8.869218,50.2803271],[8.8693947,50.2802197],[8.8702231,50.2797159],[8.8702513,50.2796988],[8.8705544,50.2795147],[8.8709119,50.2793362],[8.8716454,50.2789621],[8.8720573,50.2787521],[8.8726087,50.2784709],[8.8727953,50.2783757],[8.8743456,50.2776321],[8.8744333,50.2776458],[8.8745133,50.2777089],[8.8745226,50.2777162],[8.8745538,50.2777422],[8.8745902,50.2777702],[8.8750606,50.2775534],[8.8754058,50.2773941],[8.8756338,50.277289],[8.8760462,50.2770282],[8.8760971,50.2769958],[8.8766179,50.2766654],[8.8767359,50.2765905],[8.8768272,50.2765321],[8.8769287,50.27647],[8.8773953,50.2761841],[8.8775497,50.2760895],[8.8776512,50.2760273],[8.8777543,50.2759665],[8.8784929,50.2755298],[8.8785908,50.2754673],[8.8789329,50.2752492],[8.879008,50.2752013],[8.8794377,50.2749712],[8.8795418,50.2749156],[8.8796197,50.274874],[8.8799264,50.2747285],[8.8803892,50.274509],[8.8805007,50.2744558],[8.8809022,50.2742639],[8.881196,50.2741069],[8.8816421,50.2738832],[8.8818706,50.2737647],[8.8819811,50.2737087],[8.8820354,50.2736809],[8.8827342,50.2733209],[8.8827674,50.2733443],[8.8830399,50.2735356],[8.8840146,50.2731665],[8.8845089,50.2729455],[8.8845657,50.2729198],[8.8846336,50.2728911],[8.8862145,50.2726159],[8.8881147,50.2730442],[8.8892378,50.2734273],[8.8897035,50.2736297],[8.8897352,50.2735611],[8.8898426,50.2733333],[8.8899098,50.2733461],[8.8900448,50.2733719],[8.8902464,50.2734105],[8.8904096,50.2734418],[8.890493,50.2734577],[8.89053,50.2734648],[8.8908548,50.2735269],[8.8910815,50.2735703],[8.8911483,50.2735822],[8.8914571,50.2736866],[8.89174,50.2738966],[8.8918457,50.2739403],[8.8934623,50.2746095],[8.8934934,50.2746224],[8.8935338,50.2746391],[8.8942246,50.2739124],[8.8944307,50.2739082],[8.8947151,50.2738478],[8.8952361,50.2736453],[8.8955627,50.2735126],[8.8957921,50.2732586],[8.8964015,50.2731401],[8.8968804,50.273255],[8.897512,50.2733727],[8.8979124,50.2735302],[8.8982582,50.2738202],[8.8993191,50.2743063],[8.8998453,50.2745563],[8.9004234,50.2751653],[8.9005309,50.2754608],[8.9006341,50.2760314],[8.900895,50.276257],[8.900971,50.2762996],[8.9010604,50.2763499],[8.9013518,50.276352],[8.901638,50.2763534],[8.9021652,50.2764544],[8.9030042,50.2766518],[8.9033331,50.2768179],[8.9039943,50.27692],[8.9045845,50.2769985],[8.9049836,50.2769864],[8.9051388,50.2769155],[8.9054933,50.2767319],[8.9060857,50.2765778],[8.9064871,50.276476],[8.9066437,50.276436],[8.9072048,50.2763548],[8.9078509,50.2765071],[8.9083025,50.2766406],[8.9089552,50.2765708],[8.910056,50.2765347],[8.9105299,50.2765857],[8.9108245,50.2766174],[8.9111334,50.2766506],[8.9118342,50.2765176],[8.9120913,50.2763041],[8.9124844,50.2761365],[8.9128204,50.275971],[8.9133797,50.2756743],[8.9137252,50.2755377],[8.9139367,50.2754776],[8.9143223,50.2753678],[8.9147638,50.2752643],[8.9150913,50.2751878],[8.9151466,50.2751851],[8.9151518,50.2752291],[8.9155048,50.2756999],[8.9155759,50.2757218],[8.9170536,50.275401],[8.9175608,50.2752909],[8.9179871,50.275138],[8.9181007,50.2750973],[8.9184239,50.2749815],[8.9186209,50.2749108],[8.9190641,50.274752],[8.919244,50.2746875],[8.9193872,50.2746362],[8.9194644,50.2746085],[8.91955,50.2745778],[8.9197899,50.2744918],[8.9200201,50.2744093],[8.9192796,50.2734906],[8.9192562,50.2734615],[8.9201566,50.2730564],[8.9201819,50.2730451],[8.9203051,50.2729896],[8.9204286,50.2729341],[8.9205296,50.2728885],[8.9207466,50.272791],[8.9208098,50.2727625],[8.9208672,50.2727368],[8.9209613,50.2726944],[8.9211437,50.2726122],[8.9212365,50.2725705],[8.9212826,50.2725497],[8.9212917,50.2725456],[8.9213456,50.2724697],[8.9213535,50.2724574],[8.9213633,50.2724422],[8.9214015,50.2723829],[8.9214457,50.2723122],[8.9221915,50.2711555],[8.9226393,50.2705912],[8.9230419,50.2700835],[8.9230916,50.2700207],[8.9231425,50.2699543],[8.9231744,50.2699126],[8.9232252,50.2698462],[8.923925,50.2689519],[8.9244436,50.2679796],[8.9247456,50.267881],[8.9248179,50.2677301],[8.9249027,50.267469],[8.9249111,50.2673659],[8.9249256,50.267174],[8.9249015,50.266887],[8.9248541,50.2666743],[8.9248158,50.2661319],[8.9248332,50.2660512],[8.9245802,50.2657648],[8.9244897,50.2656624],[8.924448,50.2656153],[8.9241021,50.2652237],[8.9240643,50.265181],[8.9240141,50.2651243],[8.9248539,50.265078],[8.9249002,50.2650633],[8.9250434,50.265018],[8.9252423,50.2649121],[8.9252511,50.2650138],[8.9253811,50.2649711],[8.925473,50.2649232],[8.9257246,50.2647919],[8.9260676,50.2645709],[8.9261855,50.2644245],[8.9263129,50.2642155],[8.926323,50.2641253],[8.9261212,50.2637426],[8.926092,50.2635805],[8.9261998,50.2634776],[8.9263625,50.2634478],[8.9268981,50.2635169],[8.9271687,50.2634917],[8.9278326,50.2633054],[8.9282476,50.2631455],[8.928231,50.2631372],[8.9281934,50.2631185],[8.9280832,50.2630929],[8.9282917,50.2629165],[8.9284677,50.2627615],[8.9286652,50.26264],[8.9289251,50.2625725],[8.9292308,50.2625372],[8.9296615,50.2624004],[8.9298536,50.2623466],[8.9302847,50.2621474],[8.9311558,50.2621004],[8.9313791,50.2619955],[8.9332135,50.2619365],[8.9333841,50.26191],[8.9335732,50.2619005],[8.93389,50.2619416],[8.9342094,50.2619582],[8.9344258,50.2619413],[8.9346786,50.2619688],[8.935441,50.262198],[8.9355651,50.2621956],[8.9357274,50.2622431],[8.9361441,50.2625606],[8.9362367,50.2626632],[8.9364694,50.2628641],[8.9366371,50.2630752],[8.9367846,50.2633278],[8.9370953,50.2636487],[8.937404,50.2637972],[8.9375495,50.2638636],[8.937837,50.264052],[8.9381167,50.2642943],[8.9382366,50.2644722],[8.938383,50.2646029],[8.9385654,50.2647071],[8.9386846,50.2648199],[8.9390517,50.2650358],[8.9391149,50.2650482],[8.9393363,50.2650134],[8.9396442,50.2651025],[8.9399286,50.2652535],[8.939982,50.2652814],[8.9401271,50.2653181],[8.9422612,50.2658581],[8.9423737,50.2659185],[8.9423738,50.2659455],[8.9423743,50.2659555],[8.9433041,50.2660003],[8.9434006,50.2660159],[8.9441382,50.2659743],[8.9445097,50.2659287],[8.9456121,50.265495],[8.946198,50.2653076],[8.9464774,50.2652183],[8.946842,50.2651537],[8.9477491,50.2648718],[8.9481539,50.2644901],[8.9490147,50.2639466],[8.949319,50.2637376],[8.9495609,50.263463],[8.9496981,50.2633776],[8.9500565,50.2633596],[8.9502271,50.2633015],[8.9504487,50.2631758],[8.95059,50.2630644],[8.9508521,50.2629703],[8.9512667,50.262956],[8.9517111,50.2628586],[8.9520695,50.2627289],[8.9525628,50.2624383],[8.952859,50.2621211],[8.9530202,50.261794],[8.9531647,50.2615215],[8.9531729,50.2613105],[8.9532903,50.2611951],[8.9533599,50.260977],[8.9533397,50.2606552],[8.9534523,50.2604121],[8.9534159,50.2600468],[8.9533584,50.2599136],[8.9534055,50.2597199],[8.9532843,50.259537],[8.9533833,50.2593882],[8.9534173,50.2591937],[8.9533921,50.2591137],[8.953407,50.2589463],[8.9534244,50.2587265],[8.9535037,50.2585219],[8.9537341,50.258133],[8.9538824,50.2579959],[8.9540427,50.2578504],[8.9541659,50.2576681],[8.9542856,50.2574993],[8.9544452,50.2573728],[8.9545445,50.2571917],[8.9548026,50.2568523],[8.9548256,50.2567756],[8.9549007,50.2567207],[8.9550331,50.2566724],[8.9552245,50.256602],[8.9554362,50.2564924],[8.9555302,50.2564586],[8.9556611,50.2563597],[8.9558856,50.2562348],[8.9560713,50.2561502],[8.9564265,50.2559713],[8.9566493,50.2558522],[8.9569212,50.2557851],[8.9570994,50.2557229],[8.9573177,50.2557015],[8.957553,50.2556179],[8.9580349,50.2554585],[8.9583049,50.2553482],[8.9587755,50.2553177],[8.9592475,50.2553414],[8.959398,50.255313],[8.9595618,50.2552597],[8.9598234,50.2552321],[8.9600393,50.2551989],[8.9603446,50.2551988],[8.9606703,50.2550583],[8.9608979,50.2548927],[8.9609803,50.2547459],[8.9610495,50.2546306],[8.961285,50.2542816],[8.9613328,50.254252],[8.9614384,50.2541868],[8.9618182,50.2539945],[8.9621633,50.2537541],[8.9624837,50.2536566],[8.9626921,50.2535309],[8.962775,50.2532786],[8.9623409,50.2530125],[8.9620532,50.2528514],[8.9614196,50.2526183],[8.9610817,50.2524412],[8.960862,50.2522358],[8.9607894,50.2519294],[8.9607363,50.2518536],[8.9606699,50.2517579],[8.9605123,50.2514481],[8.9603759,50.2512108],[8.9602908,50.2510653],[8.9599735,50.250813],[8.9598084,50.250553],[8.9596707,50.2500007],[8.9594221,50.2494678],[8.9591715,50.2491783],[8.9589015,50.2488694],[8.9584875,50.248452],[8.9581213,50.2480799],[8.9580857,50.2480409],[8.9577026,50.2476653],[8.9574375,50.2472437],[8.9597767,50.2467674],[8.9606838,50.2465766],[8.9612403,50.2464651],[8.9636877,50.2459738],[8.9652389,50.2456587],[8.9658061,50.2455231],[8.9673803,50.2450491],[8.9680108,50.2448694],[8.9691642,50.2455029],[8.9717403,50.2469134],[8.9724383,50.2459494],[8.9729995,50.2451824],[8.9735497,50.2444144],[8.9740944,50.2436477],[8.9750952,50.2437849],[8.9751568,50.243796],[8.9755652,50.2440446],[8.9761586,50.2439402],[8.9771727,50.2441806],[8.9779066,50.2442365],[8.978041,50.2442885],[8.9790484,50.2444698],[8.9791098,50.2444808],[8.9806605,50.2447604],[8.9808681,50.2447789],[8.9831061,50.2451818],[8.9833084,50.245218],[8.9856544,50.2456394],[8.9858583,50.2456763],[8.9860488,50.2457106],[8.9863185,50.2457593],[8.986879,50.2458603],[8.9875023,50.2459728],[8.987565,50.2460296],[8.9873481,50.2479507],[8.9873287,50.2481219],[8.9871163,50.2499056],[8.9871998,50.2499045],[8.9872161,50.2500694],[8.9871042,50.2510947],[8.987132,50.2511893],[8.9872397,50.2512557],[8.9879033,50.2514693],[8.9884212,50.251636],[8.9888912,50.2517642],[8.9892994,50.2518755],[8.9894276,50.2519105],[8.9897067,50.2519866],[8.9898393,50.2520228],[8.9900185,50.2520764],[8.9912055,50.2524286],[8.9918931,50.2526256],[8.9920575,50.2526748],[8.9930977,50.2529862],[8.9933508,50.2530619],[8.9934668,50.2530967],[8.9938899,50.2532233],[8.9942417,50.2533286],[8.9943321,50.2533076],[8.9949601,50.2523838],[8.9950239,50.2523055],[8.9956358,50.2514418],[8.9956039,50.2513779],[8.9956644,50.2514007],[8.995716,50.2513267],[8.9958969,50.2510669],[8.9963303,50.2504446],[8.9964104,50.2503296],[8.9964284,50.2503037],[8.9970038,50.2494775],[8.9970843,50.2493618],[8.9978857,50.2482109],[8.9978576,50.2481438],[8.9980181,50.2482181],[8.9980585,50.2481918],[8.998937,50.2485286],[8.9998646,50.2488844],[8.9999751,50.2488761],[9.0010224,50.2482187],[9.003509,50.2466576],[9.0045047,50.2460188],[9.0048082,50.2458241],[9.0050843,50.2456644],[9.0064501,50.2449227],[9.006619,50.2448469],[9.0083858,50.2439793],[9.0082387,50.2437994],[9.0079804,50.243784],[9.0068117,50.2434231],[9.0062762,50.2433053],[9.0060443,50.2430813],[9.0058931,50.2430508],[9.0058701,50.2430462],[9.0054696,50.2429245],[9.0054212,50.2429098],[9.0049157,50.2427563],[9.0047124,50.2426945],[9.0046172,50.2426656],[9.0034935,50.2422523],[9.0028647,50.2416195],[9.0027281,50.2414669],[9.0022052,50.2408824],[9.0021808,50.2408552],[9.0020978,50.2407624],[9.0020812,50.2407438],[9.0020038,50.2406573],[9.0019894,50.2406412],[9.00184,50.2404743],[9.0017442,50.2404636],[9.0014769,50.2399513],[9.0013078,50.239735],[9.0009543,50.2395553],[9.0007236,50.2393812],[9.0007194,50.2392331],[9.0014898,50.238931],[9.0016588,50.2382506],[9.0017765,50.2379658],[9.0023943,50.2382502],[9.0029258,50.2377322],[9.003356,50.2376008],[9.0033725,50.2371719],[9.0038331,50.2371111],[9.0040673,50.2371216],[9.0041101,50.2371235],[9.0048679,50.2371572],[9.0051013,50.2370354],[9.0053565,50.2370512],[9.0055841,50.2368128],[9.0056109,50.2368104],[9.0067082,50.2367139],[9.0067404,50.2367144],[9.0074952,50.2366604],[9.008399,50.2368955],[9.0091469,50.2370824],[9.0095974,50.2374705],[9.0100515,50.2377207],[9.0103161,50.2382808],[9.0108436,50.2397561],[9.0117443,50.2405866],[9.0137295,50.2399295],[9.0149206,50.2394661],[9.0162977,50.239025],[9.0163894,50.2390255],[9.017562,50.239491],[9.0180994,50.23966],[9.0188565,50.2399175],[9.0191835,50.2401349],[9.0195445,50.2401054],[9.0196599,50.2400919],[9.0204755,50.239851],[9.0219184,50.2395431],[9.022145,50.2394874],[9.0223048,50.2395293],[9.0231264,50.2396948],[9.0225441,50.2391635],[9.0225692,50.2391264],[9.02335,50.2379723],[9.0232023,50.2379078],[9.0227393,50.2377117],[9.022009,50.2374627],[9.0212186,50.2371069],[9.0198283,50.2369179],[9.0190635,50.2366662],[9.0187316,50.2365249],[9.0163536,50.2354731],[9.0167317,50.2349576],[9.0159685,50.2345882],[9.0153162,50.234261],[9.0163181,50.2334277],[9.0169894,50.2328489],[9.0178787,50.2320823],[9.0187377,50.2313527],[9.0192015,50.230953],[9.0193425,50.2309899],[9.0196695,50.2310262],[9.0198588,50.2310473],[9.0201233,50.2311543],[9.0204564,50.2311911],[9.0209844,50.2310591],[9.0213214,50.2309417],[9.0217971,50.2307598],[9.0222972,50.2306852],[9.0225559,50.2306082],[9.0230755,50.2304179],[9.0236669,50.2301937],[9.024357,50.2299676],[9.024861,50.229922],[9.0253979,50.2300223],[9.0256216,50.230135],[9.0260252,50.2303382],[9.0261615,50.2304879],[9.0259906,50.2309088],[9.0260215,50.2313223],[9.0261122,50.2313557],[9.0258507,50.2316605],[9.0254564,50.232159],[9.0249191,50.2329597],[9.0247884,50.2333434],[9.0256779,50.2347928],[9.0258433,50.2352474],[9.0258967,50.2356655],[9.0261479,50.2360045],[9.0264024,50.2360972],[9.0265216,50.2361407],[9.0269086,50.2362817],[9.0278239,50.2364821],[9.0281508,50.2365899],[9.0287638,50.236786],[9.0298504,50.2372231],[9.0304251,50.2374658],[9.031214,50.2377688],[9.0318891,50.2380661],[9.0325624,50.2383459],[9.0332683,50.2386467],[9.03407,50.2388579],[9.0343852,50.2387885],[9.0347637,50.2387553],[9.0348158,50.2387584],[9.0348707,50.2401946],[9.034925,50.2416138],[9.0355103,50.2426124],[9.0373141,50.2432865],[9.0374764,50.2433311],[9.0383238,50.2435493],[9.0385149,50.2436036],[9.0381896,50.2442572],[9.0370536,50.2451565],[9.0365363,50.2453631],[9.0363626,50.2457397],[9.037842,50.2472016],[9.0388283,50.2478533],[9.0402974,50.2482182],[9.041844,50.2481385],[9.0428849,50.2478177],[9.04393,50.2474972],[9.0450386,50.2471647],[9.0463111,50.2471495],[9.0475828,50.2471343],[9.0490193,50.247117],[9.0484876,50.2482598],[9.0487384,50.2482567],[9.0499773,50.2484742],[9.0501489,50.2485506],[9.0510715,50.2487136],[9.0512751,50.2487496],[9.0534501,50.2491339],[9.0536575,50.2491706],[9.0540917,50.2492475],[9.0541433,50.2492562],[9.0542036,50.2492671],[9.0547192,50.2493514],[9.0558116,50.24953],[9.0557859,50.2495918],[9.0576871,50.2499146],[9.0594282,50.2491762],[9.0594759,50.2491558],[9.0599428,50.2489564],[9.0602671,50.2488605],[9.0603051,50.2488492],[9.0603319,50.2488413],[9.0602243,50.2487325],[9.0597813,50.2484135],[9.059458,50.2482048],[9.0591863,50.2480519],[9.059022,50.24794],[9.0587265,50.2477056],[9.058143,50.2472783],[9.0580826,50.2472405],[9.0573146,50.2467594],[9.0569697,50.2465502],[9.0566077,50.2463534],[9.056691,50.2462817],[9.0567834,50.2462023],[9.056812,50.2461837],[9.0568323,50.2461705],[9.0568328,50.2461077],[9.0572322,50.2458597],[9.057395,50.2457585],[9.0576696,50.2455885],[9.0582924,50.2452015],[9.058397,50.2451365],[9.0584699,50.2451651],[9.0585204,50.2451108],[9.0585507,50.245091],[9.0586016,50.2450577],[9.0595219,50.2444559],[9.0620853,50.2449837],[9.0630201,50.2450326],[9.0632297,50.2450435],[9.0632692,50.2450878],[9.063352,50.2451007],[9.0635709,50.2446725],[9.0636031,50.2445426],[9.0637041,50.2441358],[9.0637631,50.2441149],[9.0643258,50.244277],[9.0651673,50.2445195],[9.0652149,50.2444589],[9.0662367,50.2431559],[9.0663136,50.2431359],[9.066283,50.2430473],[9.0663789,50.2431037],[9.0677197,50.2434239],[9.0684707,50.2435274],[9.0685131,50.2435315],[9.0688118,50.2435601],[9.0689824,50.2435879],[9.0689759,50.2436054],[9.0689637,50.2436223],[9.0717823,50.244015],[9.0736784,50.2442872],[9.0803163,50.2451915],[9.0822875,50.2464368],[9.0823314,50.2464229],[9.0830309,50.2464505],[9.0838415,50.2463239],[9.0840242,50.2462954],[9.0843513,50.2462443],[9.0857167,50.2460347],[9.0872766,50.2457859],[9.0898561,50.2453686],[9.0917568,50.2450578],[9.0933801,50.244786],[9.0960124,50.245116],[9.0960467,50.2454311],[9.09699,50.2456769],[9.0985808,50.2456045],[9.1002427,50.2459074],[9.1010492,50.24623],[9.102969,50.246961],[9.1031004,50.2470056],[9.1045641,50.2475021],[9.1063361,50.2481028],[9.1075924,50.2485276],[9.108523,50.2488422],[9.1092767,50.2491048],[9.1093157,50.2491184],[9.1108301,50.2483802],[9.1106265,50.2478482],[9.1108811,50.2472842],[9.1117665,50.246758],[9.1117185,50.2467048],[9.1116969,50.246681],[9.1117413,50.2466722],[9.1117284,50.2466273],[9.1113502,50.2462111],[9.1113833,50.2461621],[9.111207,50.2461422],[9.11132,50.2461257],[9.1115767,50.2460881],[9.1122149,50.2459947],[9.1124281,50.2459635],[9.1126618,50.2459293],[9.1133178,50.2458333],[9.1135228,50.2458033],[9.1135774,50.2457952],[9.1139238,50.2460677],[9.1140657,50.2461794],[9.1141101,50.2462143],[9.1141244,50.2462324],[9.1141544,50.2462701],[9.1143383,50.2465031],[9.1148929,50.2468531],[9.1149936,50.2469182],[9.1150641,50.2469898],[9.1152035,50.2472263],[9.1155878,50.2473497],[9.1161435,50.2474269],[9.1164878,50.247793],[9.1166666,50.2477298],[9.117009,50.2483212],[9.1172429,50.2485489],[9.1173571,50.2487899],[9.1175199,50.2489852],[9.1175818,50.2490594],[9.1188007,50.2492611],[9.1191264,50.2493152],[9.1192233,50.2493314],[9.1199133,50.2494472],[9.1199941,50.2494349],[9.1200649,50.2494256],[9.1200345,50.2495138],[9.1203101,50.2495899],[9.1202884,50.2496328],[9.1209275,50.2498964],[9.120969,50.2499233],[9.1210085,50.2499489],[9.1205045,50.2507628],[9.1220576,50.2515311],[9.1221031,50.2515555],[9.1225064,50.2517004],[9.1228166,50.2515488],[9.1231461,50.2515378],[9.1240443,50.2511411],[9.1247842,50.2507667],[9.1248451,50.250804],[9.1254237,50.2511588],[9.1262867,50.2504718],[9.1264877,50.2502641],[9.127029,50.2501263],[9.1286334,50.2505821],[9.1292586,50.2508808],[9.1303556,50.2508212],[9.130986,50.2509205],[9.1318217,50.251003],[9.1322948,50.250518],[9.1328774,50.2505869],[9.134447,50.2511656],[9.1346205,50.250985],[9.1349734,50.2503829],[9.1364818,50.2503425],[9.1378635,50.2503044],[9.137977,50.2502534],[9.1382046,50.250151],[9.1384484,50.2500414],[9.1386139,50.2500152],[9.1399994,50.2500257],[9.1414849,50.2500013],[9.1428664,50.2499791],[9.143688,50.2499655],[9.1439979,50.249756],[9.1444882,50.2493483],[9.1449557,50.2487625],[9.1450345,50.2487421],[9.1455636,50.2488618],[9.1464863,50.2490709],[9.1465255,50.2490467],[9.1467667,50.249101],[9.1468006,50.2491086],[9.1472255,50.249205],[9.1473158,50.2490911],[9.1476436,50.2482949],[9.1477579,50.2479508],[9.1480901,50.2475886],[9.1484219,50.2473783],[9.1491214,50.2471201],[9.1491494,50.2471097],[9.149312,50.2470732],[9.1496222,50.2470035],[9.1497371,50.2469955],[9.1504493,50.2469461],[9.1506225,50.2469089],[9.1507822,50.2468369],[9.1511326,50.2470987],[9.1520466,50.2472161],[9.1523447,50.2472783],[9.1529777,50.2475363],[9.1533307,50.2477247],[9.1534878,50.2478263],[9.1537481,50.2480553],[9.1540889,50.2484024],[9.1544869,50.2486443],[9.1545781,50.2487145],[9.1547435,50.2488326],[9.155416,50.2491527],[9.1558214,50.2493124],[9.1560947,50.2494555],[9.1570419,50.2500624],[9.1573572,50.2501581],[9.1581351,50.2502617],[9.1583601,50.2503837],[9.1579893,50.2507691],[9.1591049,50.2512576],[9.1599136,50.2519551],[9.160012,50.2520399],[9.1602593,50.2522385],[9.1610214,50.2525554],[9.1616837,50.2530236],[9.1628537,50.2537094],[9.1634051,50.2539226],[9.1636238,50.254125],[9.1637401,50.2542327],[9.1638089,50.2542959],[9.1641185,50.2545804],[9.1639754,50.2548607],[9.1632719,50.2554334],[9.1630091,50.2557214],[9.1630615,50.2563209],[9.1630922,50.2568458],[9.1626555,50.2572573],[9.1621375,50.2575584],[9.1617,50.2577639],[9.1610669,50.2580964],[9.1608145,50.2583348],[9.1607184,50.2585677],[9.1608382,50.2591504],[9.1610576,50.2594896],[9.1609481,50.2602263],[9.1606492,50.2614107],[9.1600158,50.2627568],[9.1597089,50.2637115],[9.1594778,50.2644306],[9.1609874,50.2653416],[9.1623508,50.2663921],[9.1637571,50.267329],[9.1638704,50.2674204],[9.1646714,50.2680406],[9.1659911,50.2688486],[9.1663172,50.2691385],[9.1666571,50.2694408],[9.1673841,50.2699349],[9.1676362,50.2701065],[9.168478,50.270857],[9.1686292,50.2709278],[9.1691519,50.2713728],[9.1697433,50.2713246],[9.1702233,50.2713758],[9.1707906,50.271612],[9.1716726,50.2721082],[9.1722909,50.2718329],[9.1737954,50.2725828],[9.1738076,50.2726912],[9.1739468,50.2729067],[9.1740326,50.2732208],[9.1740915,50.2736227],[9.1741244,50.2739118],[9.1740719,50.2741768],[9.1740746,50.274335],[9.174019,50.2745893],[9.173956,50.2748253],[9.1738382,50.2752328],[9.1738426,50.2753844],[9.1739053,50.2755846],[9.1742445,50.2759445],[9.1744012,50.2761237],[9.1745045,50.2763699],[9.1744757,50.2767081],[9.1744494,50.276923],[9.1744966,50.277137],[9.1746103,50.2773399],[9.175061,50.2778395],[9.175198,50.2779962],[9.1760416,50.2788789],[9.1766572,50.2792334],[9.1768145,50.2793241],[9.1775381,50.2795857],[9.1777774,50.2797272],[9.1780419,50.2799475],[9.1784569,50.2801357],[9.1789216,50.2804103],[9.1798023,50.2810505],[9.1802832,50.2813374],[9.1820962,50.2821584],[9.1824604,50.282373],[9.1826641,50.2823893],[9.1829635,50.2823256],[9.18343,50.2824788],[9.1837194,50.2824793],[9.1839022,50.2824876],[9.1841303,50.2822817],[9.1844476,50.2821633],[9.1843901,50.2820771],[9.1845417,50.2819776],[9.1846634,50.2818588],[9.184716,50.2817363],[9.1848186,50.2815988],[9.1851308,50.2814195],[9.1850769,50.2814113],[9.185666,50.2811111],[9.185781,50.2809715],[9.1860197,50.2809002],[9.1861373,50.2808781],[9.1865506,50.2807681],[9.1868077,50.280652],[9.1872061,50.2805727],[9.1875149,50.2803902],[9.1881268,50.2801633],[9.1883252,50.2800299],[9.1885538,50.2797653],[9.1885906,50.2796976],[9.1887752,50.2795135],[9.1889676,50.2794487],[9.18921,50.2794236],[9.1894507,50.2794689],[9.1896426,50.2794667],[9.1897674,50.2794523],[9.1901971,50.2793551],[9.1904333,50.2793492],[9.1906003,50.2793722],[9.1907471,50.2794826],[9.1911005,50.2796986],[9.1912789,50.2796915],[9.1915096,50.2795873],[9.191666,50.2796213],[9.1918921,50.2797544],[9.1923195,50.2798849],[9.1926123,50.2799744],[9.1928748,50.2799716],[9.1931157,50.2799209],[9.1938399,50.2799196],[9.1940372,50.2798493],[9.1942262,50.2798298],[9.1943813,50.2798898],[9.1945175,50.2800275],[9.1945799,50.2802024],[9.1947264,50.2804102],[9.1947936,50.2806998],[9.1952919,50.2810001],[9.1955017,50.281184],[9.1957665,50.2812898],[9.1960474,50.2813036],[9.1964529,50.281089],[9.1964972,50.281077],[9.1967061,50.2811133],[9.197028,50.2812158],[9.1973977,50.2812308],[9.197593,50.2812809],[9.1977583,50.2813718],[9.1983248,50.2817566],[9.1987301,50.281717],[9.1988782,50.2817589],[9.1990788,50.2816789],[9.1995462,50.2816281],[9.1996761,50.28155],[9.1998769,50.2815057],[9.2007349,50.2815721],[9.2011971,50.2817042],[9.2016161,50.2817497],[9.2018105,50.2817228],[9.2021997,50.2818078],[9.20227,50.2819081],[9.2022301,50.2822362],[9.2023049,50.2823808],[9.2028416,50.2825866],[9.2030296,50.2828414],[9.2032407,50.2828965],[9.2035477,50.2827604],[9.2036826,50.2826731],[9.2038328,50.2826875],[9.2040334,50.2828461],[9.2042108,50.2831358],[9.2041187,50.2834402],[9.2041999,50.2835904],[9.2041831,50.2837251],[9.2042198,50.2838157],[9.2044886,50.2839935],[9.2047113,50.2840256],[9.2049217,50.2841423],[9.2049195,50.2842451],[9.2050765,50.2843064],[9.2052698,50.284438],[9.2053604,50.2844527],[9.2054767,50.2845725],[9.2057279,50.2846211],[9.2058185,50.2846664],[9.2057977,50.284754],[9.2058925,50.2848962],[9.2058158,50.2850094],[9.2058171,50.2850535],[9.2060216,50.2851368],[9.2064902,50.2851788],[9.2067393,50.2851205],[9.2068842,50.2851174],[9.2070119,50.2850773],[9.2073551,50.2851217],[9.2074621,50.2851587],[9.2075914,50.2852611],[9.2077013,50.2852584],[9.207837,50.2852959],[9.2079462,50.285364],[9.2082955,50.2853742],[9.2083404,50.2853755],[9.2083382,50.285419],[9.208301,50.2854418],[9.2082982,50.2854633],[9.2085202,50.2855698],[9.208558,50.285631],[9.2084558,50.2857424],[9.2084629,50.285768],[9.2085236,50.2857927],[9.2086921,50.2857992],[9.2089241,50.2859185],[9.2089413,50.2859701],[9.2088784,50.2860231],[9.2087534,50.2860221],[9.2087427,50.2860655],[9.2088269,50.2861098],[9.2088505,50.286166],[9.2089397,50.2861332],[9.2090083,50.2861693],[9.2089753,50.2863264],[9.2088532,50.2864131],[9.2087139,50.2864912],[9.2084904,50.2864737],[9.2084518,50.2864938],[9.2085653,50.2866277],[9.208581,50.2866834],[9.2086752,50.2867972],[9.2088337,50.2868881],[9.2086422,50.2870735],[9.2084186,50.2872209],[9.2084771,50.2872744],[9.2082263,50.2874899],[9.2082199,50.2875228],[9.2082434,50.2875712],[9.2083098,50.2875744],[9.2083362,50.2876055],[9.2083648,50.2876786],[9.2082862,50.2877576],[9.2082561,50.2878338],[9.208024,50.2879562],[9.2080596,50.2880055],[9.2080432,50.288074],[9.2080724,50.2881412],[9.2080781,50.2882161],[9.2079845,50.2883412],[9.2081265,50.2884367],[9.208268,50.2884089],[9.2083522,50.2884519],[9.2083929,50.2884848],[9.2084413,50.2886593],[9.2084998,50.2887306],[9.2084834,50.2887498],[9.2082656,50.2888374],[9.2081856,50.2888894],[9.2079042,50.2888916],[9.207824,50.2889382],[9.2077324,50.2891547],[9.2076055,50.2892075],[9.207559,50.2893354],[9.2076125,50.289456],[9.2075967,50.2895268],[9.2074282,50.2896468],[9.207318,50.2897374],[9.2072927,50.2897879],[9.2071658,50.2899524],[9.2072185,50.2901505],[9.2070432,50.2903202],[9.207082,50.2904535],[9.2069756,50.2905311],[9.2069039,50.2906905],[9.2068488,50.2907777],[9.2066855,50.2907868],[9.2066473,50.2907994],[9.2064489,50.2909737],[9.2064555,50.2910214],[9.2065227,50.2911723],[9.2065708,50.291182],[9.206605,50.2911841],[9.2066371,50.2911781],[9.2066578,50.2912092],[9.2066538,50.2912436],[9.2064525,50.2913773],[9.2062878,50.2914987],[9.2060671,50.2915478],[9.2059908,50.2915648],[9.2059274,50.2916791],[9.2059061,50.2918521],[9.2059153,50.2918817],[9.2061499,50.2919371],[9.2063952,50.2920405],[9.2065318,50.2921234],[9.2065293,50.2921573],[9.206441,50.2922324],[9.2064026,50.2923118],[9.2064203,50.2923963],[9.2064984,50.2924004],[9.2065682,50.2923327],[9.2066584,50.2922615],[9.2067236,50.2922566],[9.2068353,50.2922715],[9.2070124,50.2923829],[9.207098,50.2924142],[9.2070923,50.2924573],[9.2071144,50.2925547],[9.2071512,50.2926221],[9.207258,50.2927063],[9.2071694,50.2927779],[9.2071245,50.2929659],[9.207135,50.2929995],[9.2071669,50.2930332],[9.2072342,50.2930858],[9.2074852,50.293142],[9.2075408,50.2932117],[9.2074798,50.2933098],[9.2075165,50.2933847],[9.2076293,50.2933927],[9.2077528,50.2934552],[9.2078102,50.2935701],[9.2078988,50.2936525],[9.2078244,50.2937433],[9.2078424,50.293796],[9.2080759,50.2939598],[9.2081028,50.2940131],[9.2080026,50.2941133],[9.2079429,50.2941417],[9.207953,50.2941694],[9.2081273,50.2942958],[9.2082957,50.2943276],[9.2083484,50.2943935],[9.2083592,50.294497],[9.2084744,50.2945687],[9.2086046,50.2945497],[9.2087438,50.294639],[9.2087773,50.2947292],[9.2088108,50.2947841],[9.2088331,50.2948559],[9.208682,50.2949284],[9.2086826,50.2949604],[9.2087533,50.2950176],[9.2089224,50.2949579],[9.2089695,50.2949695],[9.2090703,50.2950277],[9.2092528,50.2950459],[9.2094487,50.2951988],[9.2095344,50.2952253],[9.2095906,50.2952659],[9.2096011,50.2953032],[9.209616,50.2953565],[9.2098487,50.2954625],[9.2099745,50.2956408],[9.2099672,50.2957265],[9.2101835,50.2959386],[9.210107,50.2960284],[9.2101152,50.2961401],[9.2102646,50.2961974],[9.2102975,50.2962203],[9.2103584,50.2962929],[9.2103453,50.2963684],[9.2102329,50.2963965],[9.2101181,50.2964756],[9.2101302,50.2965459],[9.2102404,50.296608],[9.2103892,50.2966654],[9.2106097,50.2968183],[9.2105676,50.2971045],[9.210584,50.2971423],[9.2108029,50.2971705],[9.210886,50.2972162],[9.2109425,50.2973009],[9.2109141,50.2973524],[9.2108273,50.2973896],[9.2107378,50.2973784],[9.2105995,50.2973751],[9.210538,50.297334],[9.2104368,50.2973131],[9.2102641,50.297316],[9.2102096,50.2973878],[9.2101955,50.2974962],[9.2100751,50.2976022],[9.2101261,50.2976628],[9.2102368,50.2976568],[9.2103406,50.2975335],[9.2105328,50.2974991],[9.2105983,50.2975196],[9.2106051,50.2976219],[9.2104578,50.2976837],[9.2103799,50.2977753],[9.2103801,50.2979033],[9.2104707,50.2983579],[9.2105142,50.298461],[9.2105312,50.298644],[9.2106002,50.2987823],[9.2106051,50.2988254],[9.2106059,50.2988322],[9.2106117,50.2988981],[9.2106695,50.2989667],[9.210735,50.2993605],[9.2107127,50.2993673],[9.2107354,50.2995161],[9.210857,50.2998282],[9.2108663,50.2998882],[9.210867,50.2999166],[9.2108678,50.2999472],[9.2108685,50.2999735],[9.2108693,50.3000007],[9.2108745,50.3002712],[9.2109169,50.3005446],[9.2109377,50.3007251],[9.2109847,50.3010074],[9.211131,50.3018545],[9.2112361,50.3018408],[9.211275,50.3019551],[9.2113437,50.3020633],[9.2119227,50.3026131],[9.2120055,50.3027042],[9.2120782,50.3028073],[9.2124315,50.3034831],[9.2124978,50.303566],[9.2131036,50.3041502],[9.2130183,50.3041682],[9.2133211,50.304455],[9.2135126,50.3046363],[9.2139727,50.3050719],[9.2140603,50.3051764],[9.214088,50.3052098],[9.2143639,50.3055413],[9.2145451,50.3056897],[9.2147127,50.3057687],[9.2148098,50.3057798],[9.2146604,50.3060494],[9.2149721,50.3064166],[9.2152548,50.3067493],[9.2156681,50.307236],[9.2156958,50.3072686],[9.2162121,50.3078763],[9.2163146,50.3079969],[9.2161127,50.3082655],[9.2162051,50.3084195],[9.2162436,50.3084836],[9.2162897,50.3085605],[9.2163147,50.3086021],[9.2163999,50.3087442],[9.2165704,50.3093206],[9.2165774,50.3097321],[9.216578,50.309768],[9.2165812,50.3099573],[9.2164793,50.3106121],[9.2164741,50.310646],[9.2165462,50.3106453],[9.2166162,50.3106447],[9.2164649,50.3113718],[9.2164554,50.3114175],[9.216438,50.3114994],[9.2163372,50.3119733],[9.2163372,50.3121198],[9.2163356,50.3122116],[9.2163372,50.312255],[9.2163372,50.3129659],[9.2163373,50.3130026],[9.2163372,50.3130288],[9.2163372,50.3131737],[9.2163372,50.3135396],[9.2163545,50.3135986],[9.2163583,50.3136112],[9.2163666,50.3136394],[9.2163676,50.3136431],[9.2163782,50.3136792],[9.2165812,50.3143705],[9.2164097,50.3143738],[9.2160738,50.3144576],[9.2158415,50.3144804],[9.2153386,50.3144504],[9.2147104,50.3143992],[9.214575,50.3143976],[9.2144404,50.3144129],[9.2139677,50.3144667],[9.2136498,50.3144889],[9.213369,50.3143546],[9.212954,50.3143394],[9.2124049,50.3143786],[9.2122115,50.3142578],[9.2117169,50.314462],[9.2113043,50.3145293],[9.2107044,50.3144723],[9.2101099,50.3144452],[9.2102985,50.314281],[9.20996,50.3142412],[9.2091337,50.3142288],[9.208694,50.3142551],[9.2084723,50.3143922],[9.2080233,50.3151634],[9.2079464,50.3153483],[9.2079477,50.3155942],[9.2080137,50.3158847],[9.2072572,50.3161711],[9.206897,50.3162143],[9.2068424,50.3162766],[9.206551,50.3166086],[9.2057507,50.3168],[9.205495,50.3167605],[9.2054264,50.3168991],[9.2053892,50.3170257],[9.2054635,50.317266],[9.2054709,50.3176055],[9.2054736,50.3177397],[9.2054748,50.3178002],[9.205483,50.3182031],[9.2054889,50.3183319],[9.2050029,50.3185758],[9.2054849,50.3185674],[9.2058987,50.3185276],[9.2074378,50.3183249],[9.2076604,50.3182912],[9.207871,50.3182842],[9.2086787,50.3184146],[9.2089207,50.3183786],[9.2089918,50.3183092],[9.2090426,50.3181763],[9.2100541,50.3183813],[9.2100771,50.3183945],[9.2105349,50.3186624],[9.2108337,50.318762],[9.2108996,50.3187708],[9.2109251,50.3187738],[9.2112332,50.3188098],[9.211464,50.3189411],[9.2118275,50.3191671],[9.2122364,50.3191562],[9.2123895,50.3193981],[9.2125539,50.3195102],[9.2128151,50.3196793],[9.21283,50.319689],[9.2128246,50.3198387],[9.2138428,50.3202591],[9.2139253,50.320411],[9.2139521,50.3204604],[9.2140169,50.3205797],[9.2139987,50.3206299],[9.2139593,50.320739],[9.2139231,50.3208921],[9.2139627,50.3209498],[9.2139939,50.3209954],[9.2139365,50.3209831],[9.2139868,50.3210575],[9.2139622,50.3213174],[9.213943,50.3215207],[9.2138908,50.3216257],[9.2137054,50.3218425],[9.2136042,50.3220464],[9.2135938,50.3221469],[9.2135667,50.3224095],[9.2135366,50.3225044],[9.213483,50.3226732],[9.2135951,50.3231383],[9.2136203,50.3231456],[9.2138442,50.3232107],[9.2138883,50.3232236],[9.2139385,50.3232382],[9.2143121,50.3233734],[9.214372,50.3233949],[9.2145465,50.3231952],[9.2147461,50.3229983],[9.2149809,50.3227295],[9.2154164,50.3223912],[9.215475,50.3224071],[9.2155128,50.3224874],[9.2153938,50.3225851],[9.2152551,50.3227401],[9.2151387,50.3229162],[9.2151906,50.3229807],[9.2152965,50.3230728],[9.2153488,50.3231587],[9.2154936,50.3234019],[9.2156007,50.3235503],[9.2157153,50.3236533],[9.2157316,50.3238345],[9.2157734,50.3239715],[9.2158319,50.3241323],[9.2159422,50.324289],[9.2161308,50.3244205],[9.2163555,50.3245374],[9.2168119,50.3247262],[9.2168362,50.3247761],[9.2168073,50.3248657],[9.216898,50.3249055],[9.2170155,50.3249488],[9.2175772,50.3251974],[9.217658,50.325233],[9.2177416,50.3252694],[9.2177832,50.3252874],[9.2179213,50.3253463],[9.2178083,50.3255061],[9.217699,50.3255354],[9.2184327,50.3261137],[9.2193764,50.3268576],[9.2202984,50.3275844],[9.2210578,50.3281056],[9.2212697,50.3282909],[9.2217171,50.3285638],[9.2219638,50.328541],[9.2221669,50.3285715],[9.2228466,50.3285379],[9.2230631,50.328638],[9.2231065,50.3287242],[9.2231412,50.3287905],[9.2235221,50.3295173],[9.2235451,50.3295551],[9.2240313,50.3305195],[9.2234035,50.3309221],[9.2234363,50.3311406],[9.2234568,50.3312769],[9.2235706,50.3316266],[9.2237021,50.3318516],[9.2237872,50.3319572],[9.2239036,50.332059],[9.2240936,50.3321829],[9.2244838,50.3324033],[9.2247902,50.3326965],[9.2252216,50.3324381],[9.22575,50.3321215],[9.2260278,50.3319551],[9.2261266,50.3318959],[9.226203,50.3319602],[9.2266509,50.3321027],[9.2273974,50.3324535],[9.2274698,50.3324834],[9.2275022,50.3324968],[9.227621,50.3325483],[9.2277546,50.3326022],[9.2288024,50.3330012],[9.2299567,50.3334417],[9.2311345,50.333889],[9.2311903,50.3339103],[9.2312955,50.3339526],[9.2321391,50.3342058],[9.2323123,50.3342577],[9.2323193,50.3342231],[9.2324625,50.3335069],[9.2326144,50.3327477],[9.2332029,50.33221],[9.2335355,50.3319379],[9.2335828,50.331816],[9.2338203,50.3316638],[9.2342379,50.3316722],[9.2352901,50.3314574],[9.2363607,50.3312313],[9.236408,50.3306812],[9.2364307,50.330329],[9.2364428,50.3301907],[9.2365166,50.3301964],[9.236698,50.3302105],[9.2370961,50.3301962],[9.237529,50.3301051],[9.2380416,50.3299739],[9.2381918,50.3299365],[9.2384328,50.3299317],[9.2390523,50.3298992],[9.2397228,50.3298641],[9.2401688,50.3298932],[9.2402219,50.3299168],[9.2402676,50.3299393],[9.240336,50.3298784],[9.2403474,50.329924],[9.2406295,50.3300463],[9.240785,50.3301136],[9.2417639,50.3303701],[9.2428384,50.3306516],[9.2429842,50.3306898],[9.2430392,50.3306958],[9.2431055,50.3307029],[9.243336,50.3307279],[9.2434464,50.3307485],[9.243751,50.3308053],[9.2443705,50.3309636],[9.244672,50.3306244],[9.2447727,50.3306624],[9.24507,50.3307575],[9.2455397,50.3308491],[9.2457735,50.3309015],[9.2459747,50.3309466],[9.2463674,50.3310846],[9.2466783,50.3311857],[9.2467312,50.3312029],[9.2473207,50.3314214],[9.2475642,50.3315044],[9.2476706,50.3315406],[9.2481033,50.3316881],[9.2485243,50.3318317],[9.2488911,50.3319626],[9.2493552,50.3321094],[9.2495526,50.3321717],[9.2498422,50.3322455],[9.2503235,50.3322883],[9.2504046,50.3322955],[9.2506964,50.3323214],[9.2511739,50.3323642],[9.2518166,50.3324217],[9.2522177,50.3324575],[9.2525261,50.3325306],[9.2527768,50.3325901],[9.2534027,50.3327385],[9.2539413,50.3328662],[9.2541025,50.3328874],[9.2542297,50.3329005],[9.2548824,50.3329676],[9.255008,50.3329806],[9.2550481,50.3329847],[9.2560898,50.3330942],[9.2578652,50.3333183],[9.257901,50.3332848],[9.2579794,50.3331398],[9.2580511,50.3331767],[9.2591951,50.3332407],[9.259461,50.3332556],[9.2595719,50.3332458],[9.2597789,50.3331964],[9.2598728,50.333174],[9.260237,50.3330872],[9.2609229,50.3329237],[9.2610655,50.3328897],[9.26113,50.3328423],[9.2612663,50.3324675],[9.2616223,50.3322289],[9.2617281,50.3321579],[9.2620806,50.3319215],[9.262357,50.3319822],[9.2634891,50.3322307],[9.2635555,50.3322009],[9.2636281,50.3321684],[9.2636794,50.3316745],[9.2636986,50.3316486],[9.2647975,50.330164],[9.2646771,50.3297263],[9.2646709,50.3297035],[9.2645254,50.3291749],[9.2657247,50.3291087],[9.2657817,50.3289387],[9.2657892,50.3289165],[9.2659478,50.3284429],[9.2660364,50.3281778],[9.2665822,50.328028],[9.2670215,50.3279016],[9.2679558,50.3278066],[9.2679541,50.3279362],[9.2679467,50.3284753],[9.2679059,50.3290841],[9.2678998,50.3291748],[9.2678706,50.3294898],[9.2678476,50.3298869],[9.2677066,50.3305427],[9.2676891,50.3306239],[9.2676282,50.3309072],[9.2676636,50.3311029],[9.2677268,50.331183],[9.2679812,50.331251],[9.2680629,50.3311191],[9.2685457,50.3314004],[9.2684731,50.3314719],[9.2685935,50.3315875],[9.2687183,50.3316259],[9.2690313,50.3315193],[9.2691359,50.3315714],[9.2691376,50.3315722],[9.2692623,50.3316343],[9.2692742,50.3316402],[9.2693266,50.3316663],[9.2696238,50.3318142],[9.2696314,50.3319874],[9.2695751,50.332003],[9.2695628,50.3320328],[9.2695731,50.3320787],[9.2695894,50.3320994],[9.2695975,50.3321104],[9.2696167,50.3321276],[9.2696345,50.3321436],[9.2697001,50.3322005],[9.2697508,50.3322099],[9.2696133,50.3322904],[9.2694775,50.332534],[9.2694283,50.3327984],[9.2693986,50.3329083],[9.2693735,50.3329638],[9.26927,50.3331104],[9.2691435,50.3331972],[9.2690947,50.3332307],[9.2691068,50.333259],[9.2691263,50.3332776],[9.2691027,50.3333214],[9.269135,50.3333629],[9.2691699,50.3334078],[9.2692264,50.333463],[9.2692692,50.3335629],[9.2692516,50.3336471],[9.2692159,50.3336956],[9.2691478,50.3337328],[9.2691148,50.333796],[9.2690865,50.3338719],[9.2690978,50.3339394],[9.269096,50.3340211],[9.2690724,50.3340607],[9.2689489,50.3341125],[9.2689117,50.3341381],[9.2687625,50.3342],[9.2686588,50.3343],[9.2686238,50.3343501],[9.2685934,50.3343937],[9.2685607,50.3344891],[9.2685116,50.334564],[9.2683564,50.3346426],[9.2681879,50.3346879],[9.2680761,50.3347687],[9.2680559,50.3347834],[9.2680003,50.3347957],[9.267902,50.3350976],[9.2678601,50.3351899],[9.2678259,50.3353042],[9.2678221,50.3354492],[9.2678201,50.3355235],[9.2678745,50.3355333],[9.2679237,50.3355529],[9.2679652,50.3355695],[9.2679184,50.3357133],[9.2679258,50.3358657],[9.2678625,50.3360431],[9.2678297,50.3361084],[9.2678321,50.3361588],[9.2677876,50.3361651],[9.2678306,50.3362442],[9.2679487,50.3364192],[9.2680165,50.3365344],[9.2680659,50.3367608],[9.2681388,50.3369709],[9.26813,50.3370705],[9.2680648,50.337135],[9.2680941,50.3371531],[9.268072,50.3371963],[9.2679754,50.3373344],[9.2679017,50.3373862],[9.2678742,50.3373882],[9.2677323,50.3373984],[9.2677081,50.3373985],[9.2676781,50.3373986],[9.2676554,50.3374346],[9.2675538,50.3377399],[9.2674967,50.337873],[9.2674558,50.3380302],[9.2674127,50.3380919],[9.2674003,50.3382044],[9.2674074,50.3383436],[9.2674478,50.3384283],[9.2674643,50.338509],[9.2674844,50.3387733],[9.267602,50.3389461],[9.2676956,50.3390508],[9.2679898,50.3391726],[9.2680396,50.3392269],[9.2680187,50.3392865],[9.2678434,50.3393735],[9.2676702,50.3394417],[9.2675304,50.3394789],[9.2671797,50.3395723],[9.2669807,50.3396523],[9.26666,50.3397812],[9.2663606,50.3398847],[9.2662386,50.3399596],[9.2660717,50.3400827],[9.2659114,50.3401702],[9.2657749,50.3402106],[9.2653946,50.3402871],[9.2652622,50.3402638],[9.2649794,50.3401955],[9.2647758,50.340204],[9.2645862,50.3402286],[9.2641295,50.3403168],[9.2638145,50.3403951],[9.2634537,50.3405102],[9.2631034,50.3406527],[9.2629136,50.3407141],[9.2627596,50.34074],[9.2626342,50.340751],[9.2625928,50.3407471],[9.2623708,50.3407726],[9.2622533,50.3407913],[9.262121,50.3407939],[9.2620348,50.3408241],[9.2618117,50.3409478],[9.261742,50.3410033],[9.261605,50.3410514],[9.2615289,50.3410611],[9.2614,50.3410609],[9.2611851,50.3410275],[9.2611241,50.3410184],[9.2609702,50.3409954],[9.2608274,50.340974],[9.2607792,50.340948],[9.2606846,50.3409434],[9.2606239,50.340948],[9.2605303,50.3409869],[9.2604227,50.3410424],[9.2603301,50.3411447],[9.2600382,50.3413226],[9.2597908,50.3414411],[9.2595385,50.3414852],[9.2589824,50.3415719],[9.2588588,50.3416077],[9.2586966,50.3416409],[9.2585763,50.3416431],[9.2585447,50.3416536],[9.2584512,50.3416688],[9.2581335,50.3418145],[9.2578021,50.3418913],[9.257508,50.3420222],[9.257489,50.3421296],[9.2569445,50.3424202],[9.2561637,50.3425932],[9.2559709,50.342747],[9.2558823,50.3429942],[9.2558525,50.343022],[9.2553773,50.3430963],[9.2552747,50.3431299],[9.2549386,50.3431634],[9.2545249,50.343258],[9.2540582,50.3435478],[9.2539062,50.3437456],[9.2538609,50.3438489],[9.2538079,50.34397],[9.2534595,50.3446435],[9.2535346,50.3448085],[9.2537907,50.3453788],[9.2539852,50.3456191],[9.2541599,50.3457613],[9.2542716,50.345845],[9.254464,50.3459893],[9.2546064,50.3461374],[9.2546392,50.3461741],[9.2546791,50.3461961],[9.2547769,50.3462789],[9.2548961,50.3464221],[9.2549201,50.3465534],[9.2549786,50.3468734],[9.2550694,50.3470156],[9.2552263,50.3471122],[9.2553049,50.3472393],[9.2552804,50.3473152],[9.2554024,50.3476535],[9.2555931,50.3478084],[9.2556571,50.3480461],[9.255058,50.3489491],[9.2550141,50.3490013],[9.2549487,50.3490791],[9.2546812,50.3492867],[9.2546011,50.3493976],[9.2545899,50.3494131],[9.2546136,50.3496343],[9.2547197,50.349816],[9.2549687,50.3500868],[9.2553355,50.3503447],[9.2556801,50.3505606],[9.2557807,50.3506167],[9.2562376,50.3508713],[9.2566426,50.3508895],[9.2574402,50.3508162],[9.257521,50.350719],[9.2575948,50.3507025],[9.2577973,50.3509018],[9.2578416,50.3510503],[9.2574912,50.3514798],[9.2574217,50.3515651],[9.2569111,50.3520334],[9.2569469,50.3521164],[9.257049,50.3521112],[9.2574329,50.3520426],[9.2575523,50.3520658],[9.257672,50.3520891],[9.2579182,50.3520631],[9.2580001,50.3520713],[9.258123,50.3521237],[9.2582564,50.3524024],[9.2586031,50.3525947],[9.2586922,50.3526917],[9.2586444,50.3527264],[9.2584991,50.3528082],[9.2583324,50.3528791],[9.2582728,50.3530825],[9.2581972,50.3530937],[9.2577663,50.353026],[9.2573202,50.3530873],[9.2573057,50.3531232],[9.2574508,50.3535521],[9.2577986,50.3540225],[9.2580951,50.3540982],[9.2583059,50.3541022],[9.2587769,50.3548747],[9.2588703,50.3550279],[9.2589172,50.3551536],[9.2589326,50.3554088],[9.2589127,50.3555114],[9.2588528,50.3558405],[9.2587657,50.3561124],[9.258593,50.3564133],[9.2584581,50.3566172],[9.2584095,50.3567545],[9.2583162,50.3571684],[9.2581248,50.3580176],[9.2578989,50.359025],[9.2578135,50.3592297],[9.2576811,50.3594324],[9.2571646,50.3600848],[9.2570638,50.360362],[9.257045,50.3608491],[9.2571267,50.3608452],[9.2571866,50.3608424],[9.2577889,50.3608137],[9.2582829,50.36078],[9.2584405,50.3606354],[9.2585593,50.3605263],[9.2588101,50.3605321],[9.2587807,50.3613927],[9.2588254,50.3615079],[9.2595542,50.3617767],[9.2595579,50.3616237],[9.2604164,50.3615016],[9.2604432,50.3615565],[9.2608473,50.3614456],[9.2614922,50.3613648],[9.2615599,50.3617662],[9.2622372,50.3620541],[9.2641788,50.3619743],[9.2646548,50.3625497],[9.2655134,50.3623873],[9.2655477,50.3624363],[9.2660668,50.3622784],[9.2661051,50.3623391],[9.2663815,50.3627761],[9.2660908,50.3629484],[9.2663585,50.3633321],[9.2668752,50.3632035],[9.2671638,50.3629572],[9.2672588,50.3627347],[9.2681338,50.3625839],[9.2679172,50.3623297],[9.2683808,50.362175],[9.2694495,50.3618182],[9.270751,50.3613837],[9.2714581,50.3608718],[9.2718843,50.3605858],[9.2724391,50.3606865],[9.2741781,50.3612759],[9.2750253,50.3612347],[9.2752526,50.3610656],[9.2767261,50.3617751],[9.2771231,50.362024],[9.2761095,50.3619612],[9.2759521,50.3625879],[9.2758354,50.3628063],[9.2764318,50.3629302],[9.2769479,50.3630374],[9.276788,50.363291],[9.2758305,50.3630429],[9.275608,50.3631034],[9.275391,50.3632344],[9.2751019,50.3631861],[9.2750017,50.363674],[9.2750916,50.3641995],[9.2755641,50.3643678],[9.2763189,50.3643774],[9.2777237,50.3648212],[9.2775858,50.3652256],[9.2769322,50.3650768],[9.2766075,50.3650643],[9.2761041,50.3649905],[9.2754174,50.365047],[9.2748591,50.3648943],[9.2746234,50.3649051],[9.273668,50.3653127],[9.2735061,50.3653818],[9.272902,50.3657769],[9.2721971,50.3663695],[9.2718339,50.366787],[9.2713912,50.3672794],[9.2712329,50.3674556],[9.2710136,50.3679304],[9.2711194,50.3685669],[9.2714556,50.3685602],[9.2717636,50.3688796],[9.2714118,50.3695944],[9.2715987,50.3701874],[9.2718027,50.3701598],[9.2720148,50.3705122],[9.2721059,50.3710174],[9.2722522,50.371262],[9.2727288,50.3713877],[9.2731342,50.3714051],[9.2732972,50.3716637],[9.2718295,50.3719626],[9.2703561,50.3722635],[9.2708282,50.3728233],[9.2708479,50.3728468],[9.2705027,50.3728739],[9.2703922,50.3728978],[9.2702817,50.3729218],[9.2702459,50.3728829],[9.2689924,50.3727918],[9.2676612,50.3728887],[9.2668554,50.3729471],[9.2666876,50.3729593],[9.2664787,50.3729745],[9.2656229,50.3730369],[9.2654879,50.3730467],[9.2653764,50.3730549],[9.2653218,50.3730651],[9.2632016,50.3734614],[9.2631474,50.3734716],[9.2628763,50.3735248],[9.2622702,50.3733046],[9.2616865,50.3730992],[9.2611426,50.3728987],[9.2609497,50.3728174],[9.2607216,50.3726524],[9.2605035,50.3724136],[9.2603632,50.3724876],[9.2598648,50.3727503],[9.2597994,50.3727848],[9.2596295,50.3728743],[9.2588577,50.3731708],[9.2580199,50.3733966],[9.2576851,50.3734635],[9.2575188,50.3734909],[9.2572907,50.37354],[9.2571235,50.3735761],[9.2570594,50.3735899],[9.2569135,50.3736213],[9.2563268,50.3737316],[9.255181,50.373972],[9.2546549,50.3740797],[9.25448,50.3741155],[9.2512651,50.3747657],[9.2512392,50.3748079],[9.2522761,50.3759637],[9.2523603,50.3760575],[9.2533936,50.3772093],[9.2534217,50.3772406],[9.2533283,50.3772258],[9.2534185,50.3773715],[9.2539805,50.3783926],[9.2541939,50.3787803],[9.2544233,50.3791972],[9.2545954,50.3795096],[9.2546352,50.3795821],[9.2552509,50.3807005],[9.2553372,50.3808248],[9.2563462,50.3818557],[9.2563818,50.3818415],[9.2564706,50.3819332],[9.2564947,50.3819227],[9.2576155,50.3830941],[9.2576745,50.3831553],[9.2577022,50.3831867],[9.2582364,50.3837923],[9.2583204,50.3838876],[9.2588354,50.3844714],[9.2588944,50.3845383],[9.258863,50.3845389],[9.258946,50.3846328],[9.2596488,50.384633],[9.2600332,50.3845989],[9.2601586,50.3845877],[9.2602263,50.3845757],[9.2615523,50.3843404],[9.2633332,50.3843678],[9.2634928,50.3843703],[9.2636168,50.3843722],[9.2636941,50.3843734],[9.2639625,50.3847764],[9.264609,50.3853333],[9.265181,50.3858118],[9.2652782,50.3858935],[9.2657385,50.3862785],[9.2663019,50.3870034],[9.2670208,50.3879283],[9.2670089,50.3879493],[9.2670016,50.3879641],[9.2656874,50.3883721],[9.2644354,50.3887625],[9.2642463,50.3888216],[9.2626519,50.3893139],[9.2625117,50.3893586],[9.2621182,50.3894822],[9.2613294,50.389728],[9.2603428,50.3900351],[9.2603817,50.390073],[9.2593697,50.3906127],[9.2581801,50.3911112],[9.2580638,50.3911619],[9.2567559,50.3917052],[9.2559659,50.3920344],[9.2558812,50.3920698],[9.2567892,50.3925239],[9.257473,50.3930423],[9.2580733,50.393639],[9.2581046,50.3936686],[9.2590063,50.3945223],[9.2590985,50.394605],[9.2592451,50.3946938],[9.2592959,50.3947246],[9.2593385,50.3947485],[9.2600073,50.3951238],[9.2606299,50.3954414],[9.2609636,50.395606],[9.2612239,50.3957401],[9.2612519,50.3957545],[9.2613484,50.3958042],[9.2619706,50.3961246],[9.261881,50.3961999],[9.2618518,50.3961839],[9.2618083,50.3962201],[9.2608446,50.3970271],[9.2607095,50.39714],[9.2603327,50.3974566],[9.2599687,50.3977626],[9.2597021,50.3979868],[9.2597261,50.3980136],[9.2597236,50.3980682],[9.2600974,50.3985762],[9.2601582,50.3985557],[9.2603832,50.39886],[9.260621,50.3991819],[9.2608993,50.3995585],[9.2612732,50.4000643],[9.261433,50.4002807],[9.2615118,50.4003874],[9.2620552,50.4011226],[9.2623464,50.4015166],[9.2623837,50.4015655],[9.2628712,50.4022058],[9.2628951,50.4022435],[9.2629251,50.4022911],[9.2632892,50.4030239],[9.2631897,50.4029998],[9.2632811,50.4031055],[9.2633289,50.4031597],[9.263849,50.4037526],[9.2641838,50.4041341],[9.2642714,50.404234],[9.2643671,50.4043431],[9.264778,50.4048115],[9.2652419,50.4053403],[9.2652275,50.4053857],[9.2653498,50.4054124],[9.2657554,50.4065086],[9.2661264,50.4075457],[9.2662471,50.4078822],[9.266236,50.4082603],[9.2662239,50.4086927],[9.2662069,50.4093113],[9.2662015,50.4095154],[9.2661709,50.4104756],[9.2661644,50.4106819],[9.2671902,50.4112502],[9.2676969,50.4115888],[9.2681937,50.411814],[9.2684869,50.4119469],[9.2693272,50.4120932],[9.2697894,50.4120599],[9.2703218,50.4120218],[9.2705173,50.4120322],[9.2713839,50.4120781],[9.2726485,50.4124207],[9.2727796,50.4125212],[9.2730241,50.4127074],[9.2731412,50.4134286],[9.2733388,50.4138832],[9.2736098,50.414395],[9.2737332,50.4145729],[9.2736398,50.4147163],[9.2735165,50.4150105],[9.2736175,50.4153179],[9.2731691,50.4154855],[9.2730339,50.4158354],[9.2731,50.4159852],[9.272806,50.4161884],[9.2729708,50.4162419],[9.2731505,50.4163001],[9.2732521,50.4163334],[9.2741153,50.4164062],[9.2751103,50.4167036],[9.2764407,50.4164848],[9.2775169,50.4165597],[9.2777359,50.4167196],[9.2786527,50.4167814],[9.279609,50.4167496],[9.2802273,50.4166641],[9.2805437,50.4166203],[9.2811407,50.4165221],[9.2818103,50.4164812],[9.2826611,50.4174898],[9.2828047,50.41766],[9.2833196,50.4182702],[9.2839929,50.4192008],[9.284799,50.4201339],[9.2853419,50.4209418],[9.2858498,50.4216993],[9.2859159,50.4217065],[9.2864525,50.4217653],[9.28726,50.4218477],[9.2886208,50.4217947],[9.2889472,50.4217805],[9.2890034,50.421778],[9.2902935,50.4217218],[9.2903794,50.421718],[9.2903756,50.4217311],[9.2900209,50.4227022],[9.2900129,50.4227242],[9.2899406,50.4229222],[9.2899213,50.4229751],[9.2898239,50.4232418],[9.2892691,50.4239597],[9.2891983,50.4244641],[9.2887146,50.4249422],[9.288368,50.4251619],[9.2881878,50.4254651],[9.2874118,50.4267725],[9.2871793,50.4279575],[9.2868498,50.4283095],[9.2863019,50.4288912],[9.2859689,50.429307],[9.2859627,50.4302168],[9.2859538,50.4312117],[9.2859359,50.4317516],[9.2859773,50.4329404],[9.2864611,50.4347914],[9.2868011,50.4360878],[9.2866831,50.437118],[9.2866083,50.4371393],[9.2865999,50.4371414],[9.2855869,50.4373912],[9.2843969,50.4377153],[9.2835633,50.4379198],[9.2825441,50.4383596],[9.282153,50.4385126],[9.2815838,50.4387352],[9.2807053,50.4392852],[9.2799658,50.4397147],[9.2798484,50.4397828],[9.2798394,50.439788],[9.2795234,50.4396016],[9.2792361,50.4394054],[9.2790748,50.4392726],[9.278783,50.438966],[9.2786226,50.4387552],[9.2784347,50.4384108],[9.2781695,50.4378687],[9.2779997,50.43765],[9.2779116,50.4375722],[9.2777683,50.4375188],[9.2776712,50.4375119],[9.2774177,50.4375588],[9.2772227,50.4376223],[9.2770464,50.4377036],[9.2768793,50.4377911],[9.2765557,50.4380568],[9.2764421,50.4381194],[9.276228,50.4381939],[9.276117,50.4382049],[9.2755702,50.438176],[9.2753096,50.438106],[9.2750714,50.4380094],[9.2745631,50.4377362],[9.2740856,50.4374681],[9.2739603,50.4374353],[9.2738622,50.4373955],[9.2737257,50.4373026],[9.2735464,50.4371314],[9.273384,50.4370244],[9.2733644,50.4371086],[9.2713907,50.4378234],[9.2712176,50.4378861],[9.2710763,50.438073],[9.2707824,50.4390153],[9.270286,50.4405784],[9.2706389,50.441189],[9.2707796,50.4419362],[9.270198,50.4424449],[9.2701565,50.4424812],[9.2698122,50.4427824],[9.2692303,50.4429411],[9.2683346,50.4434083],[9.2680976,50.4445955],[9.2678375,50.4447061],[9.2654851,50.4444487],[9.2651407,50.4458942],[9.264545,50.4477956],[9.2657393,50.4485095],[9.2658932,50.4486016],[9.2657935,50.4487208],[9.2644418,50.4503337],[9.2629446,50.4522471],[9.2620458,50.453351],[9.2607544,50.4550332],[9.2606629,50.4551309],[9.2589107,50.4566098],[9.25827,50.457449],[9.2580436,50.4579919],[9.2580602,50.457992],[9.2575649,50.4592745],[9.2575518,50.4593084],[9.2575706,50.4593375],[9.2577609,50.4596356],[9.2578424,50.4597633],[9.2581765,50.4602775],[9.2585145,50.4608268],[9.2588683,50.4613695],[9.2589694,50.4615244],[9.2591682,50.4618294],[9.2593112,50.4620906],[9.259444,50.4624088],[9.2596055,50.4630151],[9.2597259,50.463494],[9.2597303,50.4635117],[9.2595283,50.4635226],[9.2595104,50.4635235],[9.2588456,50.4635592],[9.2577982,50.4630442],[9.257361,50.4627966],[9.2573211,50.462774],[9.2571543,50.4626796],[9.2568987,50.4625348],[9.2567547,50.4624618],[9.2554453,50.4624077],[9.2546953,50.4623616],[9.2533852,50.4623013],[9.2521004,50.4622208],[9.2509426,50.4623161],[9.2500611,50.4623925],[9.249985,50.462399],[9.2492199,50.4621682],[9.248646,50.4619572],[9.2485972,50.4619388],[9.2473412,50.4614771],[9.2462757,50.4611814],[9.2449632,50.4608449],[9.2440149,50.460823],[9.2438462,50.460819],[9.2428785,50.4607914],[9.2412143,50.4606923],[9.2403732,50.4606527],[9.2399216,50.4606429],[9.2398646,50.4604572],[9.2398369,50.4602104],[9.2387463,50.4603448],[9.2363367,50.4605435],[9.2352336,50.4605997],[9.2345317,50.4611093],[9.2338029,50.4611432],[9.2333673,50.4612183],[9.2329125,50.4614116],[9.2324289,50.4612733],[9.2311924,50.4607409],[9.2313305,50.4604503],[9.2315167,50.4598223],[9.2320207,50.4597228],[9.2320964,50.4595072],[9.2298152,50.4592368],[9.2289985,50.45921],[9.228948,50.4592051],[9.2288739,50.4591987],[9.2278209,50.4591012],[9.2276234,50.4590828],[9.2258328,50.4586054],[9.2257569,50.4585736],[9.2238903,50.4578026],[9.2224897,50.4573646],[9.2194764,50.4565345],[9.2179415,50.455976],[9.2161069,50.4549087],[9.2144791,50.4542775],[9.2132507,50.4539013],[9.211591,50.4533386],[9.2107653,50.452894],[9.210021,50.4527012],[9.2093737,50.4526339],[9.208346,50.4525094],[9.2074698,50.4523246],[9.2061702,50.4518472],[9.2057487,50.4517189],[9.2049443,50.4515214],[9.2049683,50.4514077],[9.2046431,50.451305],[9.2036317,50.4507937],[9.2033323,50.4507294],[9.2029746,50.4505823],[9.203018,50.4504223],[9.2027331,50.4501113],[9.202468,50.4499697],[9.2021895,50.4498859],[9.2016472,50.4496839],[9.201114,50.4494102],[9.2009214,50.4495426],[9.2007118,50.4495889],[9.2004408,50.4494943],[9.2002443,50.4493712],[9.199907,50.4492273],[9.1992368,50.4490697],[9.1984799,50.4484668],[9.1981076,50.4478438],[9.1971504,50.4475746],[9.1958229,50.4468335],[9.1945046,50.4460973],[9.1936968,50.4453492],[9.1931248,50.4446223],[9.1920684,50.4441398],[9.1909579,50.4436332],[9.1901874,50.4436354],[9.1897085,50.4438367],[9.1891851,50.4440566],[9.1889612,50.4441506],[9.1886457,50.4440716],[9.187434,50.4444028],[9.1865238,50.4448011],[9.1862591,50.4449117],[9.1854311,50.4452574],[9.1843453,50.4455886],[9.1831457,50.4452678],[9.1818269,50.4445493],[9.1806477,50.4438817],[9.1792316,50.4436322],[9.1785172,50.443926],[9.1784071,50.4439308],[9.1775315,50.4439055],[9.1774,50.4439752],[9.1764816,50.4441853],[9.1756539,50.4444046],[9.174869,50.4446379],[9.1736969,50.4447967],[9.1725578,50.4447982],[9.171776,50.4445929],[9.1703339,50.4441332],[9.1688506,50.4437783],[9.1668244,50.4429015],[9.1659617,50.4426465],[9.164979,50.4423462],[9.1642477,50.4420389],[9.1631943,50.4412918],[9.1627545,50.4408675],[9.1606887,50.4394669],[9.1588355,50.4389108],[9.1579025,50.4384865],[9.1567896,50.4379326],[9.1557467,50.4371632],[9.1548104,50.4365002],[9.153301,50.4355511],[9.1524122,50.4349042],[9.1506504,50.4326726],[9.1501999,50.4319745],[9.1494539,50.4312951],[9.1484287,50.4305857],[9.1476924,50.429943],[9.1470814,50.4294849],[9.1465629,50.4288885],[9.1459217,50.4282462],[9.1457223,50.4276961],[9.1454763,50.427143],[9.1451823,50.4265567],[9.1447692,50.4258992],[9.1440461,50.424983],[9.1436579,50.4242346],[9.1430156,50.4248742],[9.1429762,50.4252804],[9.1432227,50.4257567],[9.1434757,50.4264824],[9.1435533,50.4271034],[9.1437559,50.4275989],[9.1439425,50.4281958],[9.1443189,50.4287189],[9.1455837,50.4296067],[9.1458763,50.4298942],[9.1439231,50.430618],[9.1467257,50.4325538],[9.1474099,50.433195],[9.1479697,50.4334587],[9.1479586,50.4341291],[9.1477369,50.4352622],[9.1475888,50.4353465],[9.1477491,50.435461],[9.148088,50.4355954],[9.148222,50.4357484],[9.1485271,50.4359222],[9.1487511,50.4359886],[9.148884,50.4360837],[9.1489761,50.4364352],[9.1493494,50.4366374],[9.1492963,50.4369334],[9.149959,50.4371824],[9.1507769,50.4379127],[9.1512621,50.4383632],[9.1515526,50.4383559],[9.1519838,50.4381874],[9.1528624,50.4384941],[9.1533221,50.4388143],[9.1539892,50.4390396],[9.1541778,50.439147],[9.1540865,50.439203],[9.1539,50.4393174],[9.1532999,50.4397302],[9.152782,50.4401367],[9.1524963,50.4399666],[9.1524217,50.4400085],[9.1518857,50.44031],[9.149946,50.4407837],[9.1476392,50.4413218],[9.1469381,50.4420226],[9.1468262,50.4422203],[9.1446223,50.4420001],[9.1443365,50.4419188],[9.1436978,50.4395736],[9.1431374,50.4373887],[9.143017,50.436826],[9.1428676,50.4368297],[9.1417046,50.4368585],[9.1373525,50.4362715],[9.1347019,50.4359139],[9.1308121,50.4351725],[9.1294592,50.4354938],[9.1294289,50.435501],[9.1294119,50.435505],[9.1292368,50.4355447],[9.1272378,50.4359975],[9.1258416,50.436254],[9.1244798,50.4365226],[9.1231597,50.4367613],[9.1207564,50.4366044],[9.118765,50.4364742],[9.1169206,50.4363544],[9.1149485,50.4362263],[9.1127607,50.4356158],[9.1113328,50.4351],[9.1098045,50.4345478],[9.1090754,50.4344655],[9.1087229,50.4344256],[9.1076096,50.4347299],[9.1054518,50.4355092],[9.104648,50.4358055],[9.1037182,50.4365091],[9.1029503,50.4367479],[9.1026853,50.4367438],[9.1019581,50.4367318],[9.1016151,50.4366638],[9.1000149,50.43625],[9.0984168,50.4358368],[9.0976297,50.435666],[9.0973332,50.4356491],[9.096545,50.4357936],[9.0951444,50.4361507],[9.0944653,50.4364427],[9.0933981,50.4369787],[9.0872783,50.4383753],[9.0861966,50.4390812],[9.0875954,50.439584],[9.0895839,50.4404341],[9.0911679,50.4412429],[9.0918359,50.4416858],[9.0917337,50.4418559],[9.091992,50.44193],[9.0922315,50.4421997],[9.0920375,50.4424353],[9.0922049,50.4425978],[9.0926171,50.4427484],[9.0929615,50.4428497],[9.093143,50.4429798],[9.0942269,50.4431061],[9.0948018,50.4432447],[9.0950907,50.4432559],[9.0955918,50.4434271],[9.0957995,50.4435131],[9.0959112,50.4436275],[9.0960252,50.4437444],[9.0955968,50.4441538],[9.0952269,50.4445197],[9.0950553,50.4450063],[9.095176,50.4453008],[9.0955268,50.4457534],[9.0955643,50.4458016],[9.0952964,50.4463267],[9.0947798,50.4473411],[9.0945776,50.4477389],[9.094046,50.4487842],[9.093986,50.4487857],[9.0939818,50.4488537],[9.0940378,50.4489397],[9.0940562,50.4489679],[9.0946766,50.4499209],[9.0947269,50.4499982],[9.0947483,50.4500311],[9.0952562,50.4508121],[9.0952999,50.4508793],[9.094582,50.4509761],[9.0944093,50.4509773],[9.0942445,50.4509691],[9.0940891,50.4509314],[9.0933322,50.4506365],[9.0931413,50.4505844],[9.0929368,50.4505542],[9.0927152,50.4505508],[9.0917561,50.4506548],[9.0917604,50.4506791],[9.091782,50.4507623],[9.0918379,50.4509779],[9.0918575,50.4510533],[9.091878,50.4511323],[9.0919362,50.4513564],[9.0919503,50.4514105],[9.0922504,50.4525606],[9.0925524,50.4537759],[9.092811,50.454887],[9.0930253,50.455759],[9.0944252,50.4575952],[9.0936937,50.4573329],[9.090804,50.456917],[9.0895109,50.4567459],[9.0876906,50.4567692],[9.0860837,50.4567553],[9.0836231,50.4579469],[9.0805754,50.4593228],[9.0797251,50.4583534],[9.0787966,50.4591923],[9.07604,50.4589572],[9.0736647,50.4580418],[9.0722906,50.4574081],[9.0713021,50.456818],[9.0702501,50.4564175],[9.0690069,50.4580044],[9.0669459,50.460001],[9.0669048,50.4600964],[9.065357,50.4618878],[9.064609,50.4623408],[9.0632482,50.4633744],[9.0623557,50.4641622],[9.0620897,50.4644281],[9.0617253,50.4647764],[9.0617518,50.4666402],[9.0620041,50.4676808],[9.0618128,50.4685642],[9.0613821,50.4693582],[9.0599435,50.4694387],[9.0587158,50.4711533],[9.0586846,50.4718562],[9.058757,50.4724593],[9.0588254,50.4731904],[9.0591236,50.4741816],[9.0588647,50.4747569],[9.0589129,50.4751046],[9.0590042,50.4758038],[9.0603939,50.4765448],[9.0616755,50.4777137],[9.0624165,50.4786207],[9.0632649,50.4794402],[9.0626367,50.4798012],[9.0618055,50.480502],[9.0612586,50.4808209],[9.061063,50.4810314],[9.0614047,50.4813062],[9.061263,50.4815649],[9.0609741,50.4818991],[9.0609404,50.4830104],[9.0609141,50.4838599],[9.0647139,50.485649],[9.0650073,50.4859038],[9.0652195,50.4862608],[9.0654062,50.4868211],[9.0671106,50.4876039],[9.0689969,50.4887843],[9.0724632,50.4899046],[9.0721873,50.4902572],[9.0724415,50.4903736],[9.0729047,50.4902473],[9.0736723,50.4907543],[9.0738554,50.4910579],[9.0745182,50.4914621],[9.0762439,50.4925336],[9.0772883,50.4951697],[9.0773026,50.4952057],[9.0764757,50.4951873],[9.075541,50.495382],[9.074578,50.4957913],[9.0729542,50.4960903],[9.07055,50.4970415],[9.0678528,50.4976535],[9.0651134,50.4982652],[9.0645369,50.4983859],[9.0622684,50.4988192],[9.0622858,50.4988582],[9.0608828,50.4990527],[9.0584142,50.4997534],[9.0557092,50.4998794],[9.0535644,50.4998762],[9.0512622,50.4997538],[9.048511,50.4994197],[9.0464048,50.4992918],[9.0423853,50.4979118],[9.0402477,50.4971571],[9.0364314,50.4970361],[9.0334752,50.4969586],[9.0308608,50.4969834],[9.0292894,50.4970415],[9.0284564,50.4968692],[9.0263347,50.4964202],[9.0249272,50.495893],[9.0240768,50.4952064],[9.0211716,50.493438],[9.018318,50.4929331],[9.0170269,50.492588],[9.0163482,50.4922217],[9.0147174,50.4910093],[9.0119215,50.4902559],[9.0087969,50.4895147],[9.0068296,50.4887408],[9.0061614,50.4884962],[9.0055358,50.4892393],[9.0051305,50.4900961],[9.0056961,50.4914604],[9.0060917,50.4920796],[9.0068065,50.492859],[9.0072468,50.4934085],[9.0074222,50.493687],[9.0078933,50.4942841],[9.0082199,50.4946136],[9.0086582,50.4952789],[9.0087501,50.4955216],[9.0085359,50.4955186],[9.0075176,50.4955047],[9.0059796,50.4954653],[9.0047278,50.4953686],[9.0035076,50.4952534],[9.0027176,50.4951438],[9.0021621,50.4950722],[9.0016131,50.4949941],[8.9998592,50.494774],[8.9970635,50.4945147],[8.9959411,50.4943836],[8.9951376,50.494279],[8.9943607,50.4942409],[8.9936921,50.4941756],[8.991418,50.4940199],[8.9906056,50.4937919],[8.9882974,50.4930115],[8.9871374,50.4926309],[8.9865395,50.492457],[8.986061,50.4923102],[8.9849228,50.4920036],[8.9838303,50.4918049],[8.9815306,50.4912834],[8.9807024,50.4910571],[8.9800627,50.4908745],[8.9792709,50.4906374],[8.9783797,50.4903569],[8.9794334,50.4895667],[8.9802292,50.4891823],[8.9810978,50.4890893],[8.9820745,50.4889478],[8.9834455,50.488988],[8.9841777,50.4881921],[8.9847691,50.4869735],[8.9850338,50.4855726],[8.9852192,50.485341],[8.9856585,50.4849613],[8.9857616,50.4848509],[8.9858814,50.4846372],[8.9858885,50.4845064],[8.9855553,50.4841394],[8.9854185,50.4840297],[8.9855888,50.4830264],[8.9867848,50.4810335],[8.9878073,50.479191],[8.9871478,50.4788699],[8.9852516,50.4776232],[8.9843029,50.4763009],[8.9840977,50.4759271],[8.9838596,50.4744843],[8.9840036,50.4740142],[8.9840825,50.4736366],[8.983855,50.4735482],[8.98273,50.4729468],[8.9813018,50.4711576],[8.9799475,50.4705272],[8.9789463,50.4684183],[8.9788754,50.468395],[8.9804088,50.4681152],[8.9795629,50.4660494],[8.9795624,50.4660271],[8.9809647,50.4658247],[8.98279,50.4655375],[8.9836096,50.4654275],[8.9840422,50.465385],[8.9840302,50.4652699],[8.9855372,50.4651604],[8.9884532,50.4650719],[8.9885102,50.4650728],[8.989929,50.4602329],[8.9900863,50.4589769],[8.989622,50.4589031],[8.9881151,50.4584618],[8.9878855,50.4583721],[8.9874787,50.4581828],[8.9866647,50.4576977],[8.9860852,50.4569553],[8.9870753,50.4562221],[8.9879263,50.4555446],[8.9880094,50.453988],[8.9879197,50.4537301],[8.9878989,50.4536365],[8.9878031,50.4533355],[8.9851398,50.4528771],[8.9846826,50.4524999],[8.9845421,50.4523982],[8.9844253,50.4523448],[8.9840077,50.4522394],[8.9834084,50.4521317],[8.9832163,50.4521114],[8.9799703,50.4519177],[8.9796255,50.4519158],[8.9775138,50.4515566],[8.9769147,50.451406],[8.9758515,50.4510003],[8.9758179,50.4509789],[8.9754371,50.4507354],[8.9749818,50.4504333],[8.9742731,50.4499997],[8.973927,50.4498711],[8.9736317,50.4497865],[8.9735119,50.4499048],[8.9706111,50.4496078],[8.9701873,50.4496859],[8.9700331,50.4502256],[8.9659175,50.4498327],[8.9634111,50.4494321],[8.9643029,50.4482129],[8.9642705,50.4481833],[8.9616508,50.4483228],[8.9606751,50.4483346],[8.9596734,50.4480883],[8.9574068,50.446355],[8.9571325,50.4454861],[8.9568625,50.4442594],[8.9576634,50.4438112],[8.959027,50.4436189],[8.9600225,50.4435342],[8.9603786,50.4436393],[8.962752,50.441271],[8.96342,50.4406198],[8.9631101,50.4400445],[8.9627698,50.4396874],[8.9622424,50.4393658],[8.9616558,50.4391585],[8.961428,50.4390522],[8.9609107,50.438811],[8.9603829,50.4384277],[8.9595921,50.4379989],[8.9594526,50.4381098],[8.9585725,50.4375824],[8.9576603,50.4369124],[8.9572539,50.4366306],[8.9568323,50.4362347],[8.9567795,50.4360734],[8.9568045,50.4359149],[8.956621,50.4356118],[8.9561001,50.4351832],[8.9551694,50.4346763],[8.9546876,50.4343832],[8.9545728,50.4342789],[8.9544992,50.4340495],[8.9542645,50.4336648],[8.9540345,50.4335098],[8.9535578,50.4331902],[8.9528588,50.4327148],[8.952018,50.4322204],[8.9508424,50.4316555],[8.950376,50.431384],[8.950051,50.4314622],[8.9499379,50.4314558],[8.9480651,50.4307526],[8.9475003,50.4312538],[8.9474727,50.4314653],[8.9474481,50.4317224],[8.9472397,50.4322301],[8.9469512,50.4325786],[8.9466291,50.4326231],[8.9462129,50.4326173],[8.9456243,50.4326073],[8.9449359,50.4325455],[8.9444062,50.4324616],[8.9439657,50.4323577],[8.9435244,50.4322459],[8.9432114,50.43212],[8.9425147,50.4320988],[8.9424291,50.4326097],[8.9421424,50.4326414],[8.9416531,50.4326435],[8.9403519,50.4326112],[8.9396647,50.433599],[8.9395772,50.4336548],[8.9385579,50.4337496],[8.9380588,50.4337557],[8.9371943,50.4337324],[8.9371999,50.4337862],[8.9369879,50.433792],[8.935126,50.4341327],[8.9331602,50.4343626],[8.9317278,50.434445],[8.9306282,50.433122],[8.9305124,50.4330356],[8.9302651,50.4331677],[8.9298749,50.4333422],[8.9293499,50.4335305],[8.928701,50.4337029],[8.9281918,50.4338256],[8.9274826,50.4339814],[8.9254829,50.4344334],[8.9248873,50.4346109],[8.9244828,50.4347528],[8.9241358,50.4348818],[8.9237157,50.4350703],[8.9233412,50.4352779],[8.9229262,50.4355273],[8.922397,50.4358895],[8.9205987,50.4363171],[8.9204639,50.4363385],[8.9187354,50.4367517],[8.9183241,50.4366861],[8.9178826,50.4365735],[8.9170699,50.4362278],[8.9170234,50.4362462],[8.9169529,50.4362532],[8.9165858,50.4362136],[8.916484,50.4362126],[8.9159848,50.4362696],[8.9158752,50.4363011],[8.9157828,50.4363388],[8.9156587,50.436403],[8.9151482,50.4367192],[8.9147809,50.4368059],[8.9138054,50.4370953],[8.9132395,50.4371604],[8.9126949,50.4372613],[8.9119781,50.4374469],[8.9116418,50.4375463],[8.9113548,50.4376515],[8.9111703,50.4376903],[8.9108171,50.437191],[8.9107423,50.437171],[8.9074072,50.437978],[8.9073021,50.4380108],[8.907115,50.437834],[8.9070627,50.4376637],[8.9071331,50.4373809],[8.9071185,50.4373052],[8.9070357,50.4372657],[8.9068796,50.4372542],[8.9065348,50.4373479],[8.9064562,50.4373611],[8.9063348,50.4373207],[8.9062986,50.4372766],[8.9060773,50.4366293],[8.9059884,50.4364725],[8.9055106,50.4359001],[8.9054409,50.4357748],[8.9054183,50.4356468],[8.9054098,50.4354819],[8.9052932,50.4352049],[8.9051989,50.4351138],[8.9051154,50.4350771],[8.9047711,50.4349498],[8.904465,50.434773],[8.9042498,50.4346009],[8.9040669,50.4342585],[8.9034684,50.4333381],[8.9032837,50.4330076],[8.9029672,50.4325754],[8.9026613,50.4320905],[8.9023036,50.4314036],[8.9022183,50.4311452],[8.9020048,50.4308017],[8.9017036,50.4299841],[8.9012511,50.4289375],[8.9007246,50.4276813],[8.900444,50.4267325],[8.9004758,50.4266419],[8.9003074,50.4266166],[8.9000313,50.4270566],[8.8998857,50.4274541],[8.8997924,50.4275543],[8.8997455,50.4275891],[8.896484,50.4275244],[8.8965437,50.4261839],[8.8956127,50.4268424],[8.8942493,50.4269892],[8.8940269,50.4270674],[8.8899421,50.4270086],[8.888449,50.4271455],[8.887576,50.4272967],[8.8871958,50.4274585],[8.886093,50.4281674],[8.8860917,50.4282308],[8.8862489,50.4283316],[8.8863043,50.428376],[8.8863028,50.4284119],[8.8773408,50.433866],[8.8771798,50.4339518],[8.8731809,50.4350156],[8.8731466,50.4350635],[8.8747036,50.437961],[8.8746438,50.4379884],[8.8747291,50.4381471],[8.874686,50.4382078],[8.8724049,50.4388171],[8.8740075,50.441785],[8.8739658,50.4418451],[8.8688061,50.4432615],[8.8695328,50.4447612],[8.8694886,50.4448222],[8.865483,50.4459028],[8.8653875,50.4458786],[8.8654502,50.4459604],[8.8653603,50.4459846],[8.8653513,50.445968],[8.8651596,50.4460195],[8.8650488,50.4460611],[8.8641159,50.4463212],[8.862208,50.4468508],[8.8605667,50.4452386],[8.8592624,50.4439573],[8.8621874,50.4431445],[8.8622827,50.4431059],[8.861653,50.4424734],[8.8605692,50.4414676],[8.860224,50.4411156],[8.8595803,50.4403602],[8.8597115,50.4403131],[8.8587643,50.4391437],[8.8570167,50.4369283],[8.8552223,50.4346704],[8.85518,50.4346218],[8.8551578,50.434604],[8.8546446,50.4339033],[8.854344,50.4333846],[8.8542513,50.4331863],[8.8541788,50.4332697],[8.8541769,50.433307],[8.854109,50.433263],[8.853991,50.432919],[8.853879,50.432483],[8.8538508,50.4320521],[8.8538685,50.4319131],[8.8485091,50.4322958],[8.840755,50.4333063],[8.840197,50.4316477],[8.8377901,50.4320778],[8.8352466,50.432304],[8.8321496,50.4328225],[8.8299549,50.4329117],[8.8261147,50.4334262],[8.8255651,50.4335321],[8.824129,50.4335369],[8.8240602,50.4335462],[8.8223441,50.4334193],[8.8223158,50.4338611],[8.8222436,50.4339031],[8.817586,50.4336877],[8.8174206,50.4352143],[8.8173455,50.435258],[8.8113117,50.435164],[8.8076601,50.4374194],[8.8064602,50.4381298],[8.8047158,50.4392446],[8.8046387,50.4391959],[8.7994863,50.4423359],[8.7994399,50.4424541],[8.7992231,50.4425444],[8.7991954,50.4426136],[8.799065,50.442918],[8.7985635,50.4439476],[8.7981418,50.444767],[8.7976829,50.4456998],[8.7975584,50.4459194],[8.7971728,50.4468487],[8.7969444,50.4478651],[8.7969056,50.4479111],[8.7965655,50.4486718],[8.7966675,50.4486831],[8.7956468,50.4509817],[8.7953963,50.451526],[8.7951507,50.4521715],[8.7951524,50.4522241],[8.7951983,50.4522207],[8.8046737,50.4572473],[8.8060214,50.457022],[8.806868,50.4567739],[8.8068844,50.4568668],[8.8069275,50.4571447],[8.8066557,50.457428],[8.806229,50.4578332],[8.8060758,50.4581457],[8.805872,50.4584497],[8.8058109,50.4586867],[8.8057079,50.4589476],[8.8053314,50.4595754],[8.8051442,50.4601394],[8.8051022,50.460656],[8.8050848,50.4611226],[8.804902,50.4613194],[8.8043825,50.4615521],[8.8041935,50.4617586],[8.8040202,50.4618765],[8.8038955,50.4622786],[8.8038619,50.462394],[8.8039321,50.4626153],[8.8038536,50.4635781],[8.8036493,50.4638545],[8.8035153,50.4639226],[8.8034522,50.4640618],[8.8033823,50.4644771],[8.8034325,50.4647088],[8.8034993,50.4650665],[8.803449,50.4652883],[8.8028706,50.4657718],[8.8025522,50.4661761],[8.802559,50.4665647],[8.8026246,50.4668524],[8.8000185,50.46657],[8.7953253,50.4697525],[8.7952198,50.469812],[8.7947704,50.4691675],[8.7947995,50.469335],[8.7947807,50.4695271],[8.7946328,50.4698424],[8.7945655,50.4700494],[8.7945979,50.4702082],[8.7947956,50.4704647],[8.7948567,50.4706618],[8.7947747,50.4708254],[8.7945003,50.4709507],[8.7943406,50.4712249],[8.7942787,50.4715786],[8.7944543,50.4719393],[8.7943759,50.4722534],[8.7941896,50.472228],[8.7939978,50.4727021],[8.7941717,50.4728808],[8.7944904,50.4729807],[8.7947426,50.4729721],[8.7948499,50.4731542],[8.7948081,50.4732768],[8.7944449,50.4736085],[8.7943959,50.4739913],[8.7941782,50.4742031],[8.7941648,50.474512],[8.7939925,50.474732],[8.7940149,50.4748344],[8.7941297,50.4748944],[8.7938327,50.4752826],[8.7941737,50.4792566],[8.7941207,50.4792876],[8.7903406,50.478977],[8.7870207,50.4787179],[8.7870312,50.4787556],[8.7837675,50.478496],[8.7837083,50.4785283],[8.7834354,50.4809893],[8.7833792,50.4809874],[8.7833846,50.4809331],[8.7833276,50.4809582],[8.7806508,50.4804118],[8.7806345,50.4803751],[8.7827201,50.4789385],[8.782838,50.4789107],[8.7827423,50.4788176],[8.7768877,50.4743693],[8.7768491,50.4743955],[8.7724674,50.4721487],[8.7700955,50.4711627],[8.7691143,50.4708444],[8.7680631,50.4706061],[8.767993,50.4705329],[8.7678651,50.470381],[8.7675414,50.4699965],[8.7669557,50.4693126],[8.7655337,50.4682411],[8.7654777,50.4681696],[8.7652716,50.467543],[8.7652813,50.4670187],[8.7652163,50.4669621],[8.7653406,50.4667888],[8.7670037,50.4664077],[8.7678631,50.4662199],[8.7684593,50.4660692],[8.7690072,50.4658732],[8.7694881,50.4656625],[8.7693639,50.4655831],[8.7693789,50.4655715],[8.7692744,50.4654852],[8.7693075,50.465461],[8.769173,50.4654011],[8.7690438,50.4652942],[8.7689418,50.465203],[8.7686822,50.4652456],[8.7682483,50.4650904],[8.7680939,50.4649788],[8.7675558,50.4648089],[8.7669673,50.4648505],[8.7667387,50.4650148],[8.7665034,50.4651],[8.7660564,50.465081],[8.7659932,50.465193],[8.7655353,50.4649958],[8.7649892,50.4646459],[8.7647816,50.4645794],[8.7645932,50.4645825],[8.764422,50.46463],[8.7641661,50.46479],[8.7638492,50.4647908],[8.7632554,50.4646197],[8.7632555,50.465312],[8.7632483,50.4654362],[8.7632259,50.4655368],[8.7621207,50.4674909],[8.7622085,50.4676403],[8.7629814,50.4682546],[8.7646801,50.4689231],[8.764106,50.4696389],[8.7641552,50.4696566],[8.7635062,50.4703236],[8.7622047,50.4710685],[8.758955,50.4716868],[8.7586615,50.4715929],[8.7582707,50.4716966],[8.757132,50.4717988],[8.7569018,50.4724836],[8.755521,50.4725598],[8.7540208,50.4726049],[8.7523153,50.47264],[8.751551,50.4726127],[8.7500484,50.4725849],[8.7490196,50.472551],[8.7489733,50.4725815],[8.7490958,50.472887],[8.7490499,50.472951],[8.7483016,50.4731997],[8.7482044,50.4732531],[8.7453266,50.4748964],[8.7453353,50.47494],[8.7395617,50.4782311],[8.7395563,50.4782101],[8.7394522,50.478245],[8.7394409,50.4781966],[8.7358518,50.4771766],[8.7358689,50.477142],[8.7358095,50.4771347],[8.7358027,50.477125],[8.7283996,50.476231],[8.7277917,50.4769662],[8.7276452,50.4769618],[8.7276161,50.4769165],[8.7241545,50.4768173],[8.7240874,50.47678],[8.7238427,50.4767533],[8.7237538,50.4767891],[8.7218346,50.4765932],[8.7186345,50.4762928],[8.7162036,50.4760544],[8.7131559,50.4748241],[8.7107961,50.4765259],[8.7106668,50.4766392],[8.7106425,50.476606],[8.709505,50.4771449],[8.7085832,50.477242],[8.7056916,50.4772228],[8.7049527,50.4772133],[8.7045574,50.477199],[8.7033673,50.4772781],[8.7027635,50.4773727],[8.7013106,50.4776896],[8.6994613,50.4783348],[8.6993361,50.4784995],[8.6993911,50.4785825],[8.6993332,50.4786218],[8.6981868,50.4792224],[8.6980193,50.4794108],[8.697457,50.4802301],[8.6961426,50.4802957],[8.6944185,50.4806952],[8.6936026,50.4815058],[8.6929352,50.4823843],[8.6925428,50.4830452],[8.6924268,50.4837671],[8.6921051,50.4841623],[8.6918568,50.4843912],[8.6916823,50.4844818],[8.6911637,50.4848065],[8.690279,50.485538],[8.6898004,50.4858902],[8.6890071,50.486654],[8.6886539,50.4870022],[8.6883758,50.4866485],[8.6870815,50.4850358],[8.6857036,50.4832765],[8.6846447,50.48335],[8.6830527,50.4834437],[8.6818723,50.483543],[8.6800901,50.4835842],[8.6799793,50.4842058],[8.6792263,50.484045],[8.6778709,50.4837455],[8.6765093,50.483422],[8.6749801,50.4837734],[8.6748853,50.4836475],[8.674604,50.4831],[8.6742957,50.4827698],[8.6740685,50.4825994],[8.6736776,50.4822905],[8.6733405,50.4823175],[8.6730569,50.4823169],[8.6730153,50.4823521],[8.6726187,50.482422],[8.6714657,50.4825657],[8.6709473,50.4826493],[8.6705189,50.4827075],[8.6696622,50.4829486],[8.6693301,50.4830709],[8.669201,50.4831517],[8.6691177,50.4831755],[8.6691347,50.4833804],[8.6690787,50.4836224],[8.6690574,50.4839854],[8.669066,50.4842109],[8.669021,50.4844872],[8.6689986,50.4848149],[8.6689899,50.4848491],[8.6689605,50.4852961],[8.6669041,50.4849798],[8.66683,50.4849859],[8.6668304,50.4850037],[8.6665775,50.4849503],[8.6665671,50.4849217],[8.6597689,50.4841175],[8.657534,50.483845],[8.6573914,50.4838427],[8.6572237,50.4838495],[8.6569217,50.4838177],[8.6568631,50.4838036],[8.6568475,50.483839],[8.656553,50.4838118],[8.6529043,50.4835174],[8.6491022,50.4832175],[8.647716,50.4835891],[8.6470748,50.4838202],[8.6466946,50.4843016],[8.6463177,50.4842839],[8.6463136,50.4841939],[8.6453603,50.483632],[8.6453298,50.4833704],[8.6454085,50.4830981],[8.6456556,50.4827051],[8.6456164,50.4826728],[8.6454873,50.4822013],[8.6463359,50.4811458],[8.6321138,50.4765155],[8.6322594,50.4763623],[8.6325616,50.4761584],[8.6328603,50.4755601],[8.6331746,50.4748472],[8.6336648,50.4744745],[8.6336647,50.4743269],[8.6336204,50.4742344],[8.6336053,50.4732525],[8.6336187,50.4731555],[8.6303416,50.4729814],[8.6304433,50.4718387],[8.6304017,50.4718339],[8.6313272,50.4705615],[8.6308438,50.4702529],[8.6319392,50.469257],[8.6309842,50.4690499],[8.6309519,50.468789],[8.6271815,50.4687041],[8.6276536,50.4672627],[8.6269773,50.4670948],[8.6269404,50.4670374],[8.6270891,50.4668238],[8.6270124,50.4668001],[8.6272482,50.4664614],[8.6273267,50.4663288],[8.6273729,50.4657745],[8.6273999,50.4657823],[8.6274809,50.4650524],[8.6274084,50.465003],[8.6270318,50.4647948],[8.6270837,50.46475],[8.6266362,50.4644972],[8.6275978,50.4638139],[8.6270694,50.4635266],[8.6284595,50.4624752],[8.6279435,50.4622847],[8.6265978,50.4632595],[8.6259524,50.4629987],[8.6252283,50.4628126],[8.6240509,50.4643733],[8.6229233,50.4641868],[8.6208915,50.4637452],[8.6204486,50.4636965],[8.620436,50.4637405],[8.6199934,50.4636922],[8.6188709,50.4635919],[8.6180821,50.4635499],[8.6182999,50.4633642],[8.6184569,50.4632778],[8.6185194,50.4632564],[8.6185643,50.4631914],[8.6182999,50.4625122],[8.6182378,50.4623733],[8.6182124,50.4624518],[8.6169752,50.4634464],[8.6167276,50.463723],[8.6166274,50.463906],[8.6165089,50.4640477],[8.6163838,50.4641721],[8.6162983,50.4642266],[8.6161987,50.4642279],[8.6152082,50.4636176],[8.6133449,50.4645406],[8.612896,50.4647922],[8.612668,50.4648723],[8.6122861,50.4649803],[8.6116601,50.4652277],[8.6112692,50.4656388],[8.6109838,50.4654961],[8.6108944,50.4655967],[8.6104317,50.4653072],[8.6103638,50.4652273],[8.6104946,50.4650907],[8.6102026,50.4649638],[8.6101756,50.4648013],[8.6095755,50.4645322],[8.6094869,50.4644007],[8.6091363,50.4644433],[8.6084861,50.464138],[8.6080837,50.4636852],[8.6077506,50.4636893],[8.6075866,50.4636104],[8.6072067,50.4635861],[8.6070571,50.4634524],[8.6069714,50.4634456],[8.6068908,50.4636875],[8.6066856,50.4637044],[8.6063243,50.463531],[8.6055062,50.4632742],[8.6054104,50.4632226],[8.6049383,50.4630727],[8.6050999,50.4630023],[8.6050346,50.4629635],[8.6050686,50.4629076],[8.6052658,50.4628116],[8.6053032,50.4625329],[8.6048884,50.4623248],[8.6046376,50.4622965],[8.6044108,50.4621531],[8.6037119,50.4618994],[8.6036335,50.461755],[8.6032948,50.4617338],[8.6030398,50.4616096],[8.6027959,50.4616633],[8.6023515,50.4615142],[8.6018996,50.4614175],[8.6011247,50.4612103],[8.5994356,50.4607891],[8.5994981,50.4600712],[8.5996294,50.4600881],[8.6001208,50.4590709],[8.6011672,50.4583588],[8.6011417,50.4581128],[8.6012452,50.4579434],[8.6010205,50.4578864],[8.6004014,50.4576931],[8.5998107,50.4575454],[8.5996452,50.4573942],[8.5989378,50.4572007],[8.5984552,50.4571271],[8.5983592,50.4570948],[8.5973737,50.45652],[8.5961687,50.4556029],[8.5955072,50.4552111],[8.5949683,50.4548861],[8.5933028,50.4541719],[8.5921281,50.4535078],[8.5916368,50.4533483],[8.5909708,50.4532769],[8.5903969,50.4531721],[8.5891108,50.4529825],[8.5881859,50.4520428],[8.5879154,50.4512443],[8.5878029,50.4511698],[8.586641,50.4509772],[8.5864812,50.4508912],[8.586431,50.4506927],[8.5864017,50.4503135],[8.5864788,50.4498049],[8.5867617,50.4494715],[8.5845756,50.4483313],[8.5842587,50.4478351],[8.5847297,50.4476057],[8.5837991,50.4466701],[8.5821989,50.4474431],[8.5820065,50.4474678],[8.5809719,50.4473336],[8.5801798,50.4471862],[8.5797049,50.4470534],[8.5795699,50.447291],[8.5792237,50.4476282],[8.5786748,50.4476271],[8.5783128,50.4476565],[8.577901,50.4476581],[8.5772131,50.4476008],[8.5767234,50.4475785],[8.5764312,50.4475439],[8.5760761,50.4474552],[8.5755634,50.447205],[8.5751693,50.4470247],[8.5746189,50.4468159],[8.5742785,50.4466399],[8.5738791,50.4462055],[8.573937,50.4460959],[8.5743977,50.4456198],[8.5746105,50.4454388],[8.5750638,50.4448832],[8.5752178,50.4445232],[8.5753338,50.4442189],[8.5755857,50.4438308],[8.5759394,50.4434913],[8.5763257,50.4431695],[8.5776237,50.4421129],[8.5783302,50.4418131],[8.5788685,50.4416621],[8.5804834,50.4412817],[8.581122,50.4409963],[8.5814218,50.4407921],[8.5820954,50.4402718],[8.5822895,50.4401048],[8.5825982,50.4398042],[8.5826948,50.4396295],[8.5831994,50.4390502],[8.5834312,50.4388327],[8.5837925,50.4386259],[8.5845213,50.4384294],[8.58535,50.4380879],[8.5855015,50.4381395],[8.5856719,50.4380488],[8.5864029,50.4377406],[8.5869347,50.4376056],[8.5877076,50.4375301],[8.5881897,50.4374093],[8.5887382,50.4372451],[8.5888686,50.4371692],[8.5891275,50.4370259],[8.5894214,50.436895],[8.5897707,50.4367058],[8.5900944,50.4362089],[8.5903061,50.4354394],[8.5905358,50.4349939],[8.5909386,50.4347473],[8.5924062,50.4341092],[8.5936668,50.4338797],[8.5943822,50.4338571],[8.5957078,50.4340976],[8.5962981,50.4341099],[8.5968611,50.4342636],[8.5972607,50.4343033],[8.5976001,50.4343921],[8.5980413,50.434392],[8.598298,50.4341389],[8.5984567,50.4334338],[8.5992181,50.4329591],[8.5994474,50.4328943],[8.6002831,50.4330004],[8.6014391,50.4324765],[8.6020301,50.4316816],[8.6020653,50.4313276],[8.6020627,50.4305557],[8.6023489,50.4302202],[8.6021485,50.4300474],[8.6021195,50.4300156],[8.601528,50.4298789],[8.6013054,50.4295799],[8.6010861,50.4291929],[8.6010756,50.4290405],[8.6009012,50.4287638],[8.6008148,50.4285377],[8.6006859,50.4281226],[8.6003876,50.4277824],[8.6000245,50.4274965],[8.5995496,50.427205],[8.5993189,50.4270527],[8.598698,50.426514],[8.5979244,50.4258169],[8.5977665,50.4252382],[8.5973602,50.4242566],[8.597323,50.42343],[8.5972705,50.4232026],[8.5973455,50.4230537],[8.5974597,50.4229215],[8.5974635,50.4228307],[8.5974355,50.4226134],[8.5976581,50.422657],[8.5976461,50.4227194],[8.5977716,50.422737],[8.5978773,50.4227076],[8.5979204,50.4226019],[8.5979603,50.422608],[8.5980222,50.4224837],[8.5980421,50.4224455],[8.598077,50.4223735],[8.5981003,50.4223339],[8.5980904,50.4223326],[8.5980959,50.4223085],[8.5981149,50.4223092],[8.5982356,50.4221044],[8.5982466,50.4220859],[8.5984261,50.4218483],[8.5984354,50.4218358],[8.598494,50.4216626],[8.5985231,50.4214905],[8.5985364,50.421306],[8.598525,50.4211266],[8.598476,50.4209531],[8.5984348,50.4208675],[8.5983173,50.4207546],[8.5982377,50.4206781],[8.5980874,50.4204884],[8.5978335,50.4202667],[8.5976018,50.4200757],[8.5972462,50.4198091],[8.5970524,50.4196815],[8.5968202,50.4195842],[8.5963148,50.4194235],[8.5961779,50.4193195],[8.5960382,50.4193244],[8.5958158,50.4192864],[8.5955668,50.4192007],[8.5955232,50.4191471],[8.5953344,50.4191463],[8.5949961,50.4190967],[8.5944762,50.4190053],[8.5939388,50.4189262],[8.5934053,50.4188708],[8.5928549,50.4188198],[8.5923014,50.4187882],[8.5917388,50.4187653],[8.591182,50.4187636],[8.5904827,50.418769],[8.589064,50.4188036],[8.5883635,50.4188242],[8.5877892,50.4188458],[8.5876255,50.4188245],[8.5878611,50.4177986],[8.5858259,50.4177494],[8.5846487,50.4173262],[8.5833216,50.4165268],[8.5827362,50.4161817],[8.5819612,50.4161137],[8.5810175,50.4160069],[8.5803008,50.4159025],[8.5801081,50.4158744],[8.5799468,50.415464],[8.5799785,50.4153055],[8.5782971,50.4155896],[8.5781705,50.4162539],[8.5778591,50.4162467],[8.5775792,50.4162399],[8.5774683,50.4162375],[8.5773269,50.4162062],[8.5766905,50.4160768],[8.5761548,50.4159681],[8.5759267,50.415932],[8.5756167,50.4158977],[8.5753487,50.4158798],[8.5751112,50.4158762],[8.5747149,50.4158977],[8.5744494,50.4159254],[8.5741894,50.415964],[8.573699,50.4160773],[8.5727012,50.4163366],[8.5723124,50.4164578],[8.5719192,50.4165488],[8.5716544,50.416643],[8.5711385,50.4167421],[8.5706642,50.4168395],[8.5706261,50.4168491],[8.570576,50.4167779],[8.5703561,50.4164645],[8.570171,50.416201],[8.5701399,50.4161566],[8.5698132,50.4156913],[8.5693486,50.4149005],[8.5681543,50.4148492],[8.5677147,50.4155412],[8.5653488,50.4160349],[8.5631382,50.4169488],[8.5622147,50.4172804],[8.5606716,50.4171577],[8.5603106,50.417129],[8.5599193,50.4169513],[8.5598043,50.416899],[8.5597207,50.416861],[8.5594938,50.4167579],[8.559571,50.4166879],[8.5599719,50.4163282],[8.5603941,50.4161702],[8.5606317,50.4160782],[8.5616267,50.4150835],[8.5618869,50.4148617],[8.5621151,50.4146671],[8.5621517,50.4145992],[8.5625134,50.4139283],[8.5628792,50.4134594],[8.5633066,50.4129116],[8.5630586,50.4127819],[8.5626314,50.4132434],[8.5625579,50.4133038],[8.5618736,50.4138661],[8.5614767,50.4143916],[8.5609178,50.4151317],[8.5597283,50.4147531],[8.5592987,50.4146147],[8.5583518,50.414887],[8.5572666,50.4152028],[8.5567796,50.4160521],[8.5567856,50.4161076],[8.556844,50.416649],[8.5568989,50.417174],[8.5562008,50.4178219],[8.5555954,50.4178671],[8.5555438,50.4181833],[8.5550787,50.4181484],[8.553714,50.4180463],[8.5529437,50.4178998],[8.5507228,50.4177806],[8.5504397,50.4177636],[8.5503948,50.417348],[8.5504248,50.4170771],[8.5506271,50.4165657],[8.5515174,50.4155487],[8.5516911,50.4153985],[8.5522907,50.4148801],[8.552703,50.4142671],[8.5528068,50.4141128],[8.5535981,50.4135301],[8.5534868,50.4134692],[8.5532236,50.4133251],[8.5525338,50.4137275],[8.5524458,50.414183],[8.5524303,50.4142635],[8.5524064,50.4143871],[8.5522944,50.4144962],[8.5521483,50.4146385],[8.551474,50.4152951],[8.5510646,50.4155847],[8.5504831,50.4159961],[8.5503142,50.4159573],[8.5497006,50.4158164],[8.5493269,50.4168704],[8.5490301,50.4177159],[8.5489753,50.4178718],[8.5488119,50.4178344],[8.5487225,50.417814],[8.5475855,50.4175538],[8.5473594,50.417502],[8.5463136,50.4172611],[8.5456833,50.4171159],[8.5438238,50.4169131],[8.5418664,50.4169904],[8.5400285,50.4170662],[8.5394828,50.4170855],[8.5382997,50.4163021],[8.5371405,50.4154908],[8.5361548,50.4147993],[8.5354507,50.4143057],[8.5340161,50.4133022],[8.5331791,50.4127183],[8.5323066,50.4126539],[8.5316396,50.4124886],[8.5307953,50.4126755],[8.5307255,50.41267],[8.5305858,50.4126591],[8.5299529,50.4126095],[8.5286481,50.4122464],[8.5291547,50.4114292],[8.5295705,50.4107076],[8.5295891,50.4106752],[8.528776,50.4104761],[8.5277857,50.4102988],[8.5277142,50.4102494],[8.5263557,50.4093087],[8.5242542,50.4078549],[8.5235405,50.4073606],[8.5229237,50.4069319],[8.5218339,50.4061788],[8.5214695,50.4062971],[8.5211474,50.4063366],[8.5209498,50.4063609],[8.5206059,50.4064029],[8.5203037,50.4065229],[8.5198323,50.4067098],[8.5193826,50.4069386],[8.5193613,50.4069494],[8.5190042,50.40723],[8.5188241,50.4073715],[8.5182702,50.4077131],[8.5181823,50.4077673],[8.5178687,50.4078457],[8.5171465,50.4080262],[8.5169814,50.408129],[8.5168589,50.4082051],[8.5168354,50.4079877],[8.5168316,50.4079387],[8.5167153,50.4077927],[8.516427,50.4074309],[8.5165481,50.4073876],[8.5166241,50.4073605],[8.5167558,50.4073135],[8.5168901,50.4072655],[8.5170258,50.4072171],[8.5171968,50.4071559],[8.5173225,50.4070824],[8.5174492,50.4070082],[8.5175968,50.4069218],[8.5177431,50.4068361],[8.5178023,50.4068013],[8.5178294,50.4067854],[8.5183162,50.4063489],[8.5183782,50.4062932],[8.518614,50.4060815],[8.5187581,50.4060611],[8.5194387,50.4059649],[8.5196382,50.4059366],[8.5203819,50.4056643],[8.5207126,50.4055433],[8.5208877,50.4054792],[8.5211949,50.4053667],[8.5209354,50.4051251],[8.5205777,50.4047921],[8.5202252,50.4044639],[8.5201503,50.4038192],[8.5201377,50.4037204],[8.5201233,50.4035982],[8.5205564,50.4025894],[8.5203465,50.4023462],[8.520232,50.4022136],[8.5187004,50.4015918],[8.5176244,50.4013992],[8.5172063,50.4013244],[8.5169248,50.401274],[8.5167707,50.4011976],[8.5163726,50.4009999],[8.516175,50.4009019],[8.5159683,50.4007993],[8.5158616,50.4007464],[8.5155743,50.4006032],[8.5151821,50.4004076],[8.5147694,50.4002019],[8.5147607,50.4001867],[8.514691,50.4000641],[8.5146211,50.3999411],[8.5143567,50.39948],[8.5143076,50.3993891],[8.5141314,50.399076]]]}}]}
